method,k,alpha,beta,sample,class,silhouette_value
SIWKL,15,1.0,1.0,sample01.functional,functional,-0.01693161726959248
SIWKL,15,1.0,1.0,sample02.functional,functional,-0.019887757808078416
SIWKL,15,1.0,1.0,sample03.functional,functional,-0.021404822353455526
SIWKL,15,1.0,1.0,sample04.functional,functional,-0.009934207572773355
SIWKL,15,1.0,1.0,sample05.functional,functional,-0.01905859985232042
SIWKL,15,1.0,1.0,sample06.pathological,pathological,0.10231800874397665
SIWKL,15,1.0,1.0,sample07.pathological,pathological,0.10970931545007806
SIWKL,15,1.0,1.0,sample08.pathological,pathological,0.10899787560779868
SIWKL,15,1.0,1.0,sample09.pathological,pathological,0.10868653698686485
SIWKL,15,1.0,1.0,sample10.pathological,pathological,0.10146778678676509
SIWKL,15,1.0,0.1,sample01.functional,functional,-0.016625087092078564
SIWKL,15,1.0,0.1,sample02.functional,functional,-0.019587710518080916
SIWKL,15,1.0,0.1,sample03.functional,functional,-0.021004957610032137
SIWKL,15,1.0,0.1,sample04.functional,functional,-0.009668745997950218
SIWKL,15,1.0,0.1,sample05.functional,functional,-0.01865097099028892
SIWKL,15,1.0,0.1,sample06.pathological,pathological,0.10055063314386337
SIWKL,15,1.0,0.1,sample07.pathological,pathological,0.10781328906788534
SIWKL,15,1.0,0.1,sample08.pathological,pathological,0.10712425931593642
SIWKL,15,1.0,0.1,sample09.pathological,pathological,0.10673114237186858
SIWKL,15,1.0,0.1,sample10.pathological,pathological,0.09965113081715828
SIWKL,15,1.0,0.01,sample01.functional,functional,-0.016589297960815364
SIWKL,15,1.0,0.01,sample02.functional,functional,-0.01955290077195499
SIWKL,15,1.0,0.01,sample03.functional,functional,-0.020955497178447646
SIWKL,15,1.0,0.01,sample04.functional,functional,-0.009639223575373022
SIWKL,15,1.0,0.01,sample05.functional,functional,-0.01859937399900287
SIWKL,15,1.0,0.01,sample06.pathological,pathological,0.10029659048460982
SIWKL,15,1.0,0.01,sample07.pathological,pathological,0.10753947452340039
SIWKL,15,1.0,0.01,sample08.pathological,pathological,0.10685367688956836
SIWKL,15,1.0,0.01,sample09.pathological,pathological,0.10644888524594877
SIWKL,15,1.0,0.01,sample10.pathological,pathological,0.09938998027507585
SIWKL,15,1.0,0.001,sample01.functional,functional,-0.01658564904745829
SIWKL,15,1.0,0.001,sample02.functional,functional,-0.019549354140463694
SIWKL,15,1.0,0.001,sample03.functional,functional,-0.020950410602942792
SIWKL,15,1.0,0.001,sample04.functional,functional,-0.009636234771733164
SIWKL,15,1.0,0.001,sample05.functional,functional,-0.018594048731793655
SIWKL,15,1.0,0.001,sample06.pathological,pathological,0.10026994872758604
SIWKL,15,1.0,0.001,sample07.pathological,pathological,0.1075107429959997
SIWKL,15,1.0,0.001,sample08.pathological,pathological,0.10682528446757722
SIWKL,15,1.0,0.001,sample09.pathological,pathological,0.10641927103908881
SIWKL,15,1.0,0.001,sample10.pathological,pathological,0.09936259235553557
SIWKL,15,1.0,0.0001,sample01.functional,functional,-0.016585283425810424
SIWKL,15,1.0,0.0001,sample02.functional,functional,-0.01954899879164309
SIWKL,15,1.0,0.0001,sample03.functional,functional,-0.02094990046300153
SIWKL,15,1.0,0.0001,sample04.functional,functional,-0.009635935514866367
SIWKL,15,1.0,0.0001,sample05.functional,functional,-0.018593514452027417
SIWKL,15,1.0,0.0001,sample06.pathological,pathological,0.10026727138627893
SIWKL,15,1.0,0.0001,sample07.pathological,pathological,0.10750785547756174
SIWKL,15,1.0,0.0001,sample08.pathological,pathological,0.10682243102878161
SIWKL,15,1.0,0.0001,sample09.pathological,pathological,0.10641629484649522
SIWKL,15,1.0,0.0001,sample10.pathological,pathological,0.09935984002090674
SIWKL,15,1.0,1e-06,sample01.functional,functional,-0.01658524319928679
SIWKL,15,1.0,1e-06,sample02.functional,functional,-0.019548959695627643
SIWKL,15,1.0,1e-06,sample03.functional,functional,-0.02094984433106193
SIWKL,15,1.0,1e-06,sample04.functional,functional,-0.009635902592419435
SIWKL,15,1.0,1e-06,sample05.functional,functional,-0.0185934556616779
SIWKL,15,1.0,1e-06,sample06.pathological,pathological,0.10026697673165415
SIWKL,15,1.0,1e-06,sample07.pathological,pathological,0.10750753769004316
SIWKL,15,1.0,1e-06,sample08.pathological,pathological,0.10682211699191252
SIWKL,15,1.0,1e-06,sample09.pathological,pathological,0.10641596730028484
SIWKL,15,1.0,1e-06,sample10.pathological,pathological,0.09935953711280383
SIWKL,15,0.1,1.0,sample01.functional,functional,-0.006771886844753309
SIWKL,15,0.1,1.0,sample02.functional,functional,-0.009066762313329906
SIWKL,15,0.1,1.0,sample03.functional,functional,-0.0107461852289835
SIWKL,15,0.1,1.0,sample04.functional,functional,0.001940481334326574
SIWKL,15,0.1,1.0,sample05.functional,functional,-0.00710076156987355
SIWKL,15,0.1,1.0,sample06.pathological,pathological,0.0911024291890496
SIWKL,15,0.1,1.0,sample07.pathological,pathological,0.09754137205324874
SIWKL,15,0.1,1.0,sample08.pathological,pathological,0.09752309992010785
SIWKL,15,0.1,1.0,sample09.pathological,pathological,0.09798198634794844
SIWKL,15,0.1,1.0,sample10.pathological,pathological,0.08873639435501546
SIWKL,15,0.1,0.1,sample01.functional,functional,-0.006691775697549679
SIWKL,15,0.1,0.1,sample02.functional,functional,-0.00900512518896237
SIWKL,15,0.1,0.1,sample03.functional,functional,-0.01058024198442535
SIWKL,15,0.1,0.1,sample04.functional,functional,0.0019395756569897788
SIWKL,15,0.1,0.1,sample05.functional,functional,-0.006956249552034893
SIWKL,15,0.1,0.1,sample06.pathological,pathological,0.08956110161572692
SIWKL,15,0.1,0.1,sample07.pathological,pathological,0.09588924039090524
SIWKL,15,0.1,0.1,sample08.pathological,pathological,0.09588382446804641
SIWKL,15,0.1,0.1,sample09.pathological,pathological,0.09624163235900965
SIWKL,15,0.1,0.1,sample10.pathological,pathological,0.08717382074891614
SIWKL,15,0.1,0.01,sample01.functional,functional,-0.006687599050558963
SIWKL,15,0.1,0.01,sample02.functional,functional,-0.009003683732964523
SIWKL,15,0.1,0.01,sample03.functional,functional,-0.010563615536587072
SIWKL,15,0.1,0.01,sample04.functional,functional,0.0019319700502897891
SIWKL,15,0.1,0.01,sample05.functional,functional,-0.0069412591222572685
SIWKL,15,0.1,0.01,sample06.pathological,pathological,0.08933817480187127
SIWKL,15,0.1,0.01,sample07.pathological,pathological,0.09564903844901262
SIWKL,15,0.1,0.01,sample08.pathological,pathological,0.09564554902678611
SIWKL,15,0.1,0.01,sample09.pathological,pathological,0.09598893583528022
SIWKL,15,0.1,0.01,sample10.pathological,pathological,0.08694767480918174
SIWKL,15,0.1,0.001,sample01.functional,functional,-0.006687254253335033
SIWKL,15,0.1,0.001,sample02.functional,functional,-0.009003625931679873
SIWKL,15,0.1,0.001,sample03.functional,functional,-0.01056196305221158
SIWKL,15,0.1,0.001,sample04.functional,functional,0.0019310788921084127
SIWKL,15,0.1,0.001,sample05.functional,functional,-0.006939758445210526
SIWKL,15,0.1,0.001,sample06.pathological,pathological,0.08931478009312031
SIWKL,15,0.1,0.001,sample07.pathological,pathological,0.09562381494499739
SIWKL,15,0.1,0.001,sample08.pathological,pathological,0.09562052847584296
SIWKL,15,0.1,0.001,sample09.pathological,pathological,0.09596240587055836
SIWKL,15,0.1,0.001,sample10.pathological,pathological,0.08692394006303378
SIWKL,15,0.1,0.0001,sample01.functional,functional,-0.006687220562392018
SIWKL,15,0.1,0.0001,sample02.functional,functional,-0.009003621082483093
SIWKL,15,0.1,0.0001,sample03.functional,functional,-0.010561797924125203
SIWKL,15,0.1,0.0001,sample04.functional,functional,0.0019309883752366285
SIWKL,15,0.1,0.0001,sample05.functional,functional,-0.006939608367601179
SIWKL,15,0.1,0.0001,sample06.pathological,pathological,0.08931242889712811
SIWKL,15,0.1,0.0001,sample07.pathological,pathological,0.09562127978949563
SIWKL,15,0.1,0.0001,sample08.pathological,pathological,0.09561801372526198
SIWKL,15,0.1,0.0001,sample09.pathological,pathological,0.0959597394651839
SIWKL,15,0.1,0.0001,sample10.pathological,pathological,0.08692155466962109
SIWKL,15,0.1,1e-06,sample01.functional,functional,-0.006687216865215794
SIWKL,15,0.1,1e-06,sample02.functional,functional,-0.009003620559485205
SIWKL,15,0.1,1e-06,sample03.functional,functional,-0.010561779761394385
SIWKL,15,0.1,1e-06,sample04.functional,functional,0.0019309784027155415
SIWKL,15,0.1,1e-06,sample05.functional,functional,-0.006939591858961765
SIWKL,15,0.1,1e-06,sample06.pathological,pathological,0.0893121701345799
SIWKL,15,0.1,1e-06,sample07.pathological,pathological,0.09562100077933329
SIWKL,15,0.1,1e-06,sample08.pathological,pathological,0.09561773696086585
SIWKL,15,0.1,1e-06,sample09.pathological,pathological,0.09595944601079383
SIWKL,15,0.1,1e-06,sample10.pathological,pathological,0.08692129214319233
SIWKL,15,0.01,1.0,sample01.functional,functional,-0.0033635219516773927
SIWKL,15,0.01,1.0,sample02.functional,functional,-0.005411256517572753
SIWKL,15,0.01,1.0,sample03.functional,functional,-0.007107361624931211
SIWKL,15,0.01,1.0,sample04.functional,functional,0.005873030764344057
SIWKL,15,0.01,1.0,sample05.functional,functional,-0.003177317678324474
SIWKL,15,0.01,1.0,sample06.pathological,pathological,0.08748166579787077
SIWKL,15,0.01,1.0,sample07.pathological,pathological,0.0935240262205219
SIWKL,15,0.01,1.0,sample08.pathological,pathological,0.09374348764155403
SIWKL,15,0.01,1.0,sample09.pathological,pathological,0.09454212158782838
SIWKL,15,0.01,1.0,sample10.pathological,pathological,0.08456394869945434
SIWKL,15,0.01,0.1,sample01.functional,functional,-0.00336140551195642
SIWKL,15,0.01,0.1,sample02.functional,functional,-0.005432263058487095
SIWKL,15,0.01,0.1,sample03.functional,functional,-0.00702367017478067
SIWKL,15,0.01,0.1,sample04.functional,functional,0.005782517701862487
SIWKL,15,0.01,0.1,sample05.functional,functional,-0.003120584244936924
SIWKL,15,0.01,0.1,sample06.pathological,pathological,0.08601360344244174
SIWKL,15,0.01,0.1,sample07.pathological,pathological,0.09195335546350825
SIWKL,15,0.01,0.1,sample08.pathological,pathological,0.09218194099877382
SIWKL,15,0.01,0.1,sample09.pathological,pathological,0.09287092699577895
SIWKL,15,0.01,0.1,sample10.pathological,pathological,0.08308561771908637
SIWKL,15,0.01,0.01,sample01.functional,functional,-0.0033681611721318974
SIWKL,15,0.01,0.01,sample02.functional,functional,-0.005442424867543852
SIWKL,15,0.01,0.01,sample03.functional,functional,-0.007018616290258276
SIWKL,15,0.01,0.01,sample04.functional,functional,0.005762427172103995
SIWKL,15,0.01,0.01,sample05.functional,functional,-0.003117855604159069
SIWKL,15,0.01,0.01,sample06.pathological,pathological,0.08580081381187325
SIWKL,15,0.01,0.01,sample07.pathological,pathological,0.09172443146397141
SIWKL,15,0.01,0.01,sample08.pathological,pathological,0.09195443193405294
SIWKL,15,0.01,0.01,sample09.pathological,pathological,0.09262778875828566
SIWKL,15,0.01,0.01,sample10.pathological,pathological,0.08287113304493314
SIWKL,15,0.01,0.001,sample01.functional,functional,-0.0033689595003949936
SIWKL,15,0.01,0.001,sample02.functional,functional,-0.005443580668767293
SIWKL,15,0.01,0.001,sample03.functional,functional,-0.0070181744852094155
SIWKL,15,0.01,0.001,sample04.functional,functional,0.005760231401984215
SIWKL,15,0.01,0.001,sample05.functional,functional,-0.0031176366073925616
SIWKL,15,0.01,0.001,sample06.pathological,pathological,0.0857784775893124
SIWKL,15,0.01,0.001,sample07.pathological,pathological,0.09170038561524302
SIWKL,15,0.01,0.001,sample08.pathological,pathological,0.09193053567647197
SIWKL,15,0.01,0.001,sample09.pathological,pathological,0.09260225669746804
SIWKL,15,0.01,0.001,sample10.pathological,pathological,0.08284861596582063
SIWKL,15,0.01,0.0001,sample01.functional,functional,-0.0033690406525122034
SIWKL,15,0.01,0.0001,sample02.functional,functional,-0.00544369774643453
SIWKL,15,0.01,0.0001,sample03.functional,functional,-0.007018130993242227
SIWKL,15,0.01,0.0001,sample04.functional,functional,0.0057600098271825394
SIWKL,15,0.01,0.0001,sample05.functional,functional,-0.0031176152879880867
SIWKL,15,0.01,0.0001,sample06.pathological,pathological,0.08577623271802355
SIWKL,15,0.01,0.0001,sample07.pathological,pathological,0.09169796875548716
SIWKL,15,0.01,0.0001,sample08.pathological,pathological,0.09192813386198544
SIWKL,15,0.01,0.0001,sample09.pathological,pathological,0.092599690529923
SIWKL,15,0.01,0.0001,sample10.pathological,pathological,0.08284635288719308
SIWKL,15,0.01,1e-06,sample01.functional,functional,-0.003369049593998861
SIWKL,15,0.01,1e-06,sample02.functional,functional,-0.005443710641721671
SIWKL,15,0.01,1e-06,sample03.functional,functional,-0.007018126216831484
SIWKL,15,0.01,1e-06,sample04.functional,functional,0.0057599854316231274
SIWKL,15,0.01,1e-06,sample05.functional,functional,-0.0031176129493449105
SIWKL,15,0.01,1e-06,sample06.pathological,pathological,0.08577598565651116
SIWKL,15,0.01,1e-06,sample07.pathological,pathological,0.09169770276378032
SIWKL,15,0.01,1e-06,sample08.pathological,pathological,0.0919278695262209
SIWKL,15,0.01,1e-06,sample09.pathological,pathological,0.09259940810669202
SIWKL,15,0.01,1e-06,sample10.pathological,pathological,0.08284610382151271
SIWKL,15,0.001,1.0,sample01.functional,functional,-0.0020001415937000353
SIWKL,15,0.001,1.0,sample02.functional,functional,-0.003949141532959739
SIWKL,15,0.001,1.0,sample03.functional,functional,-0.005649466532119393
SIWKL,15,0.001,1.0,sample04.functional,functional,0.007432246178450261
SIWKL,15,0.001,1.0,sample05.functional,functional,-0.0016179605392705138
SIWKL,15,0.001,1.0,sample06.pathological,pathological,0.08604835039294934
SIWKL,15,0.001,1.0,sample07.pathological,pathological,0.09192723745225749
SIWKL,15,0.001,1.0,sample08.pathological,pathological,0.09224232265027356
SIWKL,15,0.001,1.0,sample09.pathological,pathological,0.09318239478764838
SIWKL,15,0.001,1.0,sample10.pathological,pathological,0.08290735826802591
SIWKL,15,0.001,0.1,sample01.functional,functional,-0.0020296108348497725
SIWKL,15,0.001,0.1,sample02.functional,functional,-0.004003600258281106
SIWKL,15,0.001,0.1,sample03.functional,functional,-0.005599145196056921
SIWKL,15,0.001,0.1,sample04.functional,functional,0.007306048839058303
SIWKL,15,0.001,0.1,sample05.functional,functional,-0.0015964394884121287
SIWKL,15,0.001,0.1,sample06.pathological,pathological,0.08460945225084163
SIWKL,15,0.001,0.1,sample07.pathological,pathological,0.09038918810899033
SIWKL,15,0.001,0.1,sample08.pathological,pathological,0.09071183916538465
SIWKL,15,0.001,0.1,sample09.pathological,pathological,0.09153867072350849
SIWKL,15,0.001,0.1,sample10.pathological,pathological,0.0814627251854141
SIWKL,15,0.001,0.01,sample01.functional,functional,-0.0020407955579588156
SIWKL,15,0.001,0.01,sample02.functional,functional,-0.004018460105476037
SIWKL,15,0.001,0.01,sample03.functional,functional,-0.0055987870345397504
SIWKL,15,0.001,0.01,sample04.functional,functional,0.007280983564994502
SIWKL,15,0.001,0.01,sample05.functional,functional,-0.001598632264065695
SIWKL,15,0.001,0.01,sample06.pathological,pathological,0.08440070112038354
SIWKL,15,0.001,0.01,sample07.pathological,pathological,0.09016478346653273
SIWKL,15,0.001,0.01,sample08.pathological,pathological,0.09048863572166384
SIWKL,15,0.001,0.01,sample09.pathological,pathological,0.09129933237302931
SIWKL,15,0.001,0.01,sample10.pathological,pathological,0.08125290846806893
SIWKL,15,0.001,0.001,sample01.functional,functional,-0.002042057024378408
SIWKL,15,0.001,0.001,sample02.functional,functional,-0.004020107293722866
SIWKL,15,0.001,0.001,sample03.functional,functional,-0.005598836483066018
SIWKL,15,0.001,0.001,sample04.functional,functional,0.007278267925299384
SIWKL,15,0.001,0.001,sample05.functional,functional,-0.0015989277140011488
SIWKL,15,0.001,0.001,sample06.pathological,pathological,0.0843787866210958
SIWKL,15,0.001,0.001,sample07.pathological,pathological,0.09014120956925964
SIWKL,15,0.001,0.001,sample08.pathological,pathological,0.09046518911925705
SIWKL,15,0.001,0.001,sample09.pathological,pathological,0.09127419706694291
SIWKL,15,0.001,0.001,sample10.pathological,pathological,0.08123087885464776
SIWKL,15,0.001,0.0001,sample01.functional,functional,-0.0020421847054243906
SIWKL,15,0.001,0.0001,sample02.functional,functional,-0.004020273739634449
SIWKL,15,0.001,0.0001,sample03.functional,functional,-0.005598842347044613
SIWKL,15,0.001,0.0001,sample04.functional,functional,0.007277994125406235
SIWKL,15,0.001,0.0001,sample05.functional,functional,-0.0015989580764465654
SIWKL,15,0.001,0.0001,sample06.pathological,pathological,0.08437658411220823
SIWKL,15,0.001,0.0001,sample07.pathological,pathological,0.09013884011749336
SIWKL,15,0.001,0.0001,sample08.pathological,pathological,0.09046283247331785
SIWKL,15,0.001,0.0001,sample09.pathological,pathological,0.09127167075316557
SIWKL,15,0.001,0.0001,sample10.pathological,pathological,0.08122866474239279
SIWKL,15,0.001,1e-06,sample01.functional,functional,-0.0020421987674958653
SIWKL,15,0.001,1e-06,sample02.functional,functional,-0.004020292067992998
SIWKL,15,0.001,1e-06,sample03.functional,functional,-0.0055988430023638965
SIWKL,15,0.001,1e-06,sample04.functional,functional,0.007277963982426225
SIWKL,15,0.001,1e-06,sample05.functional,functional,-0.0015989614254559663
SIWKL,15,0.001,1e-06,sample06.pathological,pathological,0.08437634171268356
SIWKL,15,0.001,1e-06,sample07.pathological,pathological,0.09013857934304269
SIWKL,15,0.001,1e-06,sample08.pathological,pathological,0.09046257310836135
SIWKL,15,0.001,1e-06,sample09.pathological,pathological,0.0912713927158414
SIWKL,15,0.001,1e-06,sample10.pathological,pathological,0.08122842106546915
SIWKL,15,0.0001,1.0,sample01.functional,functional,-0.0013003762020301365
SIWKL,15,0.0001,1.0,sample02.functional,functional,-0.0031989641804903743
SIWKL,15,0.0001,1.0,sample03.functional,functional,-0.004901256713834455
SIWKL,15,0.0001,1.0,sample04.functional,functional,0.008229534222081353
SIWKL,15,0.0001,1.0,sample05.functional,functional,-0.0008191649416026729
SIWKL,15,0.0001,1.0,sample06.pathological,pathological,0.08531527446355024
SIWKL,15,0.0001,1.0,sample07.pathological,pathological,0.09110993564452251
SIWKL,15,0.0001,1.0,sample08.pathological,pathological,0.09147426178012652
SIWKL,15,0.0001,1.0,sample09.pathological,pathological,0.09248731413629004
SIWKL,15,0.0001,1.0,sample10.pathological,pathological,0.08205950595907957
SIWKL,15,0.0001,0.1,sample01.functional,functional,-0.0013461584581936719
SIWKL,15,0.0001,0.1,sample02.functional,functional,-0.0032706903994748214
SIWKL,15,0.0001,0.1,sample03.functional,functional,-0.004868168048945574
SIWKL,15,0.0001,0.1,sample04.functional,functional,0.008085039371755037
SIWKL,15,0.0001,0.1,sample05.functional,functional,-0.0008157723972783902
SIWKL,15,0.0001,0.1,sample06.pathological,pathological,0.08389134801151822
SIWKL,15,0.0001,0.1,sample07.pathological,pathological,0.08958865426101043
SIWKL,15,0.0001,0.1,sample08.pathological,pathological,0.08995973122280061
SIWKL,15,0.0001,0.1,sample09.pathological,pathological,0.09085768086595264
SIWKL,15,0.0001,0.1,sample10.pathological,pathological,0.08063219392056349
SIWKL,15,0.0001,0.01,sample01.functional,functional,-0.001359630441494565
SIWKL,15,0.0001,0.01,sample02.functional,functional,-0.003287975020907377
SIWKL,15,0.0001,0.01,sample03.functional,functional,-0.004870234444812207
SIWKL,15,0.0001,0.01,sample04.functional,functional,0.008057423177629737
SIWKL,15,0.0001,0.01,sample05.functional,functional,-0.0008204987828939006
SIWKL,15,0.0001,0.01,sample06.pathological,pathological,0.08368467018852978
SIWKL,15,0.0001,0.01,sample07.pathological,pathological,0.08936657271164654
SIWKL,15,0.0001,0.01,sample08.pathological,pathological,0.08973873906951224
SIWKL,15,0.0001,0.01,sample09.pathological,pathological,0.09062029177380086
SIWKL,15,0.0001,0.01,sample10.pathological,pathological,0.08042477665810932
SIWKL,15,0.0001,0.001,sample01.functional,functional,-0.0013611310787366973
SIWKL,15,0.0001,0.001,sample02.functional,functional,-0.003289875821916492
SIWKL,15,0.0001,0.001,sample03.functional,functional,-0.004870537538511435
SIWKL,15,0.0001,0.001,sample04.functional,functional,0.008054440961929385
SIWKL,15,0.0001,0.001,sample05.functional,functional,-0.0008210590748296209
SIWKL,15,0.0001,0.001,sample06.pathological,pathological,0.08366297219676885
SIWKL,15,0.0001,0.001,sample07.pathological,pathological,0.08934324141267364
SIWKL,15,0.0001,0.001,sample08.pathological,pathological,0.08971552340248365
SIWKL,15,0.0001,0.001,sample09.pathological,pathological,0.09059535999543968
SIWKL,15,0.0001,0.001,sample10.pathological,pathological,0.08040299761551956
SIWKL,15,0.0001,0.0001,sample01.functional,functional,-0.0013612827879170017
SIWKL,15,0.0001,0.0001,sample02.functional,functional,-0.0032900677475296448
SIWKL,15,0.0001,0.0001,sample03.functional,functional,-0.004870568886008835
SIWKL,15,0.0001,0.0001,sample04.functional,functional,0.00805414038232375
SIWKL,15,0.0001,0.0001,sample05.functional,functional,-0.0008211160435563874
SIWKL,15,0.0001,0.0001,sample06.pathological,pathological,0.08366079143622361
SIWKL,15,0.0001,0.0001,sample07.pathological,pathological,0.08934089633014754
SIWKL,15,0.0001,0.0001,sample08.pathological,pathological,0.08971318995435917
SIWKL,15,0.0001,0.0001,sample09.pathological,pathological,0.09059285412591019
SIWKL,15,0.0001,0.0001,sample10.pathological,pathological,0.08040080867333643
SIWKL,15,0.0001,1e-06,sample01.functional,functional,-0.0013612994943237031
SIWKL,15,0.0001,1e-06,sample02.functional,functional,-0.0032900888799779118
SIWKL,15,0.0001,1e-06,sample03.functional,functional,-0.0048705723458448025
SIWKL,15,0.0001,1e-06,sample04.functional,functional,0.008054107292211166
SIWKL,15,0.0001,1e-06,sample05.functional,functional,-0.0008211223206209178
SIWKL,15,0.0001,1e-06,sample06.pathological,pathological,0.08366055143010676
SIWKL,15,0.0001,1e-06,sample07.pathological,pathological,0.08934063823753609
SIWKL,15,0.0001,1e-06,sample08.pathological,pathological,0.08971293314232733
SIWKL,15,0.0001,1e-06,sample09.pathological,pathological,0.0905925783384741
SIWKL,15,0.0001,1e-06,sample10.pathological,pathological,0.08040056776638302
SIWKL,15,1e-06,1.0,sample01.functional,functional,-0.0005955710920059163
SIWKL,15,1e-06,1.0,sample02.functional,functional,-0.002443611848812999
SIWKL,15,1e-06,1.0,sample03.functional,functional,-0.004147849922757543
SIWKL,15,1e-06,1.0,sample04.functional,functional,0.009030546723388029
SIWKL,15,1e-06,1.0,sample05.functional,functional,-1.5480297516788482e-05
SIWKL,15,1e-06,1.0,sample06.pathological,pathological,0.08457849207669003
SIWKL,15,1e-06,1.0,sample07.pathological,pathological,0.0902882885104907
SIWKL,15,1e-06,1.0,sample08.pathological,pathological,0.09070233157678768
SIWKL,15,1e-06,1.0,sample09.pathological,pathological,0.09178891831532811
SIWKL,15,1e-06,1.0,sample10.pathological,pathological,0.08120709491797314
SIWKL,15,1e-06,0.1,sample01.functional,functional,-0.0006578578162706471
SIWKL,15,1e-06,0.1,sample02.functional,functional,-0.0025328002884147834
SIWKL,15,1e-06,0.1,sample03.functional,functional,-0.004132190975294156
SIWKL,15,1e-06,0.1,sample04.functional,functional,0.008867629641524218
SIWKL,15,1e-06,0.1,sample05.functional,functional,-3.0394159360654e-05
SIWKL,15,1e-06,0.1,sample06.pathological,pathological,0.0831696566663891
SIWKL,15,1e-06,0.1,sample07.pathological,pathological,0.08878391754964475
SIWKL,15,1e-06,0.1,sample08.pathological,pathological,0.08920387981214369
SIWKL,15,1e-06,0.1,sample09.pathological,pathological,0.09017348075050569
SIWKL,15,1e-06,0.1,sample10.pathological,pathological,0.07979725313706094
SIWKL,15,1e-06,0.01,sample01.functional,functional,-0.0006736435935675636
SIWKL,15,1e-06,0.01,sample02.functional,functional,-0.0025525366811715742
SIWKL,15,1e-06,0.01,sample03.functional,functional,-0.00413670926451462
SIWKL,15,1e-06,0.01,sample04.functional,functional,0.008837445251631227
SIWKL,15,1e-06,0.01,sample05.functional,functional,-3.767876589712648e-05
SIWKL,15,1e-06,0.01,sample06.pathological,pathological,0.08296506858817157
SIWKL,15,1e-06,0.01,sample07.pathological,pathological,0.08856417871177508
SIWKL,15,1e-06,0.01,sample08.pathological,pathological,0.0889851162906094
SIWKL,15,1e-06,0.01,sample09.pathological,pathological,0.08993805536276635
SIWKL,15,1e-06,0.01,sample10.pathological,pathological,0.07959225587588067
SIWKL,15,1e-06,0.001,sample01.functional,functional,-0.000675386171908234
SIWKL,15,1e-06,0.001,sample02.functional,functional,-0.002554693913771802
SIWKL,15,1e-06,0.001,sample03.functional,functional,-0.0041372688577766825
SIWKL,15,1e-06,0.001,sample04.functional,functional,0.008834194656275845
SIWKL,15,1e-06,0.001,sample05.functional,functional,-3.850646885581857e-05
SIWKL,15,1e-06,0.001,sample06.pathological,pathological,0.0829435888189766
SIWKL,15,1e-06,0.001,sample07.pathological,pathological,0.08854109205797621
SIWKL,15,1e-06,0.001,sample08.pathological,pathological,0.08896213336836216
SIWKL,15,1e-06,0.001,sample09.pathological,pathological,0.0899133286193809
SIWKL,15,1e-06,0.001,sample10.pathological,pathological,0.07957072954781255
SIWKL,15,1e-06,0.0001,sample01.functional,functional,-0.0006755621874920303
SIWKL,15,1e-06,0.0001,sample02.functional,functional,-0.00255491160223475
SIWKL,15,1e-06,0.0001,sample03.functional,functional,-0.004137325975516009
SIWKL,15,1e-06,0.0001,sample04.functional,functional,0.008833867115783978
SIWKL,15,1e-06,0.0001,sample05.functional,functional,-3.859030191350505e-05
SIWKL,15,1e-06,0.0001,sample06.pathological,pathological,0.08294142997903592
SIWKL,15,1e-06,0.0001,sample07.pathological,pathological,0.08853877155028221
SIWKL,15,1e-06,0.0001,sample08.pathological,pathological,0.08895982329979285
SIWKL,15,1e-06,0.0001,sample09.pathological,pathological,0.08991084334548859
SIWKL,15,1e-06,0.0001,sample10.pathological,pathological,0.07956856599101611
SIWKL,15,1e-06,1e-06,sample01.functional,functional,-0.000675581568857637
SIWKL,15,1e-06,1e-06,sample02.functional,functional,-0.0025549355699334237
SIWKL,15,1e-06,1e-06,sample03.functional,functional,-0.004137332271422089
SIWKL,15,1e-06,1e-06,sample04.functional,functional,0.008833831058601097
SIWKL,15,1e-06,1e-06,sample05.functional,functional,-3.8599535430482165e-05
SIWKL,15,1e-06,1e-06,sample06.pathological,pathological,0.08294119238528394
SIWKL,15,1e-06,1e-06,sample07.pathological,pathological,0.08853851616213455
SIWKL,15,1e-06,1e-06,sample08.pathological,pathological,0.08895956906068558
SIWKL,15,1e-06,1e-06,sample09.pathological,pathological,0.08991056982460285
SIWKL,15,1e-06,1e-06,sample10.pathological,pathological,0.07956832787772782
SIWKL,21,1.0,1.0,sample01.functional,functional,-0.04987149319273425
SIWKL,21,1.0,1.0,sample02.functional,functional,-0.05054192275354056
SIWKL,21,1.0,1.0,sample03.functional,functional,-0.05249419134020876
SIWKL,21,1.0,1.0,sample04.functional,functional,-0.04637750329705168
SIWKL,21,1.0,1.0,sample05.functional,functional,-0.05731918015883048
SIWKL,21,1.0,1.0,sample06.pathological,pathological,0.15115327419588465
SIWKL,21,1.0,1.0,sample07.pathological,pathological,0.15850767410372713
SIWKL,21,1.0,1.0,sample08.pathological,pathological,0.15777394195021274
SIWKL,21,1.0,1.0,sample09.pathological,pathological,0.16096195115505207
SIWKL,21,1.0,1.0,sample10.pathological,pathological,0.155574261511609
SIWKL,21,1.0,0.1,sample01.functional,functional,-0.04957686794426969
SIWKL,21,1.0,0.1,sample02.functional,functional,-0.050239879448802975
SIWKL,21,1.0,0.1,sample03.functional,functional,-0.052226918632702915
SIWKL,21,1.0,0.1,sample04.functional,functional,-0.04615676130114172
SIWKL,21,1.0,0.1,sample05.functional,functional,-0.05692588094219926
SIWKL,21,1.0,0.1,sample06.pathological,pathological,0.1492159156103878
SIWKL,21,1.0,0.1,sample07.pathological,pathological,0.15645697241301726
SIWKL,21,1.0,0.1,sample08.pathological,pathological,0.15566584226039717
SIWKL,21,1.0,0.1,sample09.pathological,pathological,0.15877387392070932
SIWKL,21,1.0,0.1,sample10.pathological,pathological,0.15353655945504782
SIWKL,21,1.0,0.01,sample01.functional,functional,-0.04954217488604757
SIWKL,21,1.0,0.01,sample02.functional,functional,-0.050203481070972514
SIWKL,21,1.0,0.01,sample03.functional,functional,-0.05219550731721343
SIWKL,21,1.0,0.01,sample04.functional,functional,-0.046132463756166045
SIWKL,21,1.0,0.01,sample05.functional,functional,-0.05687510465429771
SIWKL,21,1.0,0.01,sample06.pathological,pathological,0.14893530287570403
SIWKL,21,1.0,0.01,sample07.pathological,pathological,0.15615852365503244
SIWKL,21,1.0,0.01,sample08.pathological,pathological,0.15535881248429798
SIWKL,21,1.0,0.01,sample09.pathological,pathological,0.15845549696134592
SIWKL,21,1.0,0.01,sample10.pathological,pathological,0.15324047092396736
SIWKL,21,1.0,0.001,sample01.functional,functional,-0.049538634915350405
SIWKL,21,1.0,0.001,sample02.functional,functional,-0.05019975232123321
SIWKL,21,1.0,0.001,sample03.functional,functional,-0.05219230152781377
SIWKL,21,1.0,0.001,sample04.functional,functional,-0.046130009018854584
SIWKL,21,1.0,0.001,sample05.functional,functional,-0.056869851000854725
SIWKL,21,1.0,0.001,sample06.pathological,pathological,0.1489058487857354
SIWKL,21,1.0,0.001,sample07.pathological,pathological,0.15612717934047513
SIWKL,21,1.0,0.001,sample08.pathological,pathological,0.15532656403252326
SIWKL,21,1.0,0.001,sample09.pathological,pathological,0.15842206205289802
SIWKL,21,1.0,0.001,sample10.pathological,pathological,0.15320938015560062
SIWKL,21,1.0,0.0001,sample01.functional,functional,-0.04953828018221146
SIWKL,21,1.0,0.0001,sample02.functional,functional,-0.05019937851183602
SIWKL,21,1.0,0.0001,sample03.functional,functional,-0.05219198027258298
SIWKL,21,1.0,0.0001,sample04.functional,functional,-0.04612976329123586
SIWKL,21,1.0,0.0001,sample05.functional,functional,-0.056869323770395566
SIWKL,21,1.0,0.0001,sample06.pathological,pathological,0.14890288855616315
SIWKL,21,1.0,0.0001,sample07.pathological,pathological,0.15612402895110428
SIWKL,21,1.0,0.0001,sample08.pathological,pathological,0.15532332273897526
SIWKL,21,1.0,0.0001,sample09.pathological,pathological,0.15841870156609553
SIWKL,21,1.0,0.0001,sample10.pathological,pathological,0.1532062553077884
SIWKL,21,1.0,1e-06,sample01.functional,functional,-0.04953824115336083
SIWKL,21,1.0,1e-06,sample02.functional,functional,-0.05019933738237558
SIWKL,21,1.0,1e-06,sample03.functional,functional,-0.05219194492696523
SIWKL,21,1.0,1e-06,sample04.functional,functional,-0.046129736258374764
SIWKL,21,1.0,1e-06,sample05.functional,functional,-0.056869265754217635
SIWKL,21,1.0,1e-06,sample06.pathological,pathological,0.14890256276533806
SIWKL,21,1.0,1e-06,sample07.pathological,pathological,0.1561236822299922
SIWKL,21,1.0,1e-06,sample08.pathological,pathological,0.15532296601292345
SIWKL,21,1.0,1e-06,sample09.pathological,pathological,0.15841833172267228
SIWKL,21,1.0,1e-06,sample10.pathological,pathological,0.15320591139833686
SIWKL,21,0.1,1.0,sample01.functional,functional,-0.045341556657872484
SIWKL,21,0.1,1.0,sample02.functional,functional,-0.04573161642909544
SIWKL,21,0.1,1.0,sample03.functional,functional,-0.04862291026948317
SIWKL,21,0.1,1.0,sample04.functional,functional,-0.04142295024861306
SIWKL,21,0.1,1.0,sample05.functional,functional,-0.05158861680162801
SIWKL,21,0.1,1.0,sample06.pathological,pathological,0.14535683762390023
SIWKL,21,0.1,1.0,sample07.pathological,pathological,0.15231133055734877
SIWKL,21,0.1,1.0,sample08.pathological,pathological,0.1517470792826027
SIWKL,21,0.1,1.0,sample09.pathological,pathological,0.15542168273224816
SIWKL,21,0.1,1.0,sample10.pathological,pathological,0.1489868579870701
SIWKL,21,0.1,0.1,sample01.functional,functional,-0.04514867504104616
SIWKL,21,0.1,0.1,sample02.functional,functional,-0.04552541756036133
SIWKL,21,0.1,0.1,sample03.functional,functional,-0.0484305196362249
SIWKL,21,0.1,0.1,sample04.functional,functional,-0.04130444095492833
SIWKL,21,0.1,0.1,sample05.functional,functional,-0.05131232922528014
SIWKL,21,0.1,0.1,sample06.pathological,pathological,0.1435285616001719
SIWKL,21,0.1,0.1,sample07.pathological,pathological,0.15037683588245326
SIWKL,21,0.1,0.1,sample08.pathological,pathological,0.149751663130744
SIWKL,21,0.1,0.1,sample09.pathological,pathological,0.15333689912855122
SIWKL,21,0.1,0.1,sample10.pathological,pathological,0.1470694800889019
SIWKL,21,0.1,0.01,sample01.functional,functional,-0.045128127474664305
SIWKL,21,0.1,0.01,sample02.functional,functional,-0.045502633573188685
SIWKL,21,0.1,0.01,sample03.functional,functional,-0.048409819793762916
SIWKL,21,0.1,0.01,sample04.functional,functional,-0.041294567846495885
SIWKL,21,0.1,0.01,sample05.functional,functional,-0.05127799707889632
SIWKL,21,0.1,0.01,sample06.pathological,pathological,0.14326298468815313
SIWKL,21,0.1,0.01,sample07.pathological,pathological,0.15009442787393418
SIWKL,21,0.1,0.01,sample08.pathological,pathological,0.14946017485391733
SIWKL,21,0.1,0.01,sample09.pathological,pathological,0.1530327369726483
SIWKL,21,0.1,0.01,sample10.pathological,pathological,0.14678996845675307
SIWKL,21,0.1,0.001,sample01.functional,functional,-0.04512606515541439
SIWKL,21,0.1,0.001,sample02.functional,functional,-0.045500331086588186
SIWKL,21,0.1,0.001,sample03.functional,functional,-0.048407737169718405
SIWKL,21,0.1,0.001,sample04.functional,functional,-0.041293623006192805
SIWKL,21,0.1,0.001,sample05.functional,functional,-0.05127446383271883
SIWKL,21,0.1,0.001,sample06.pathological,pathological,0.14323510015245863
SIWKL,21,0.1,0.001,sample07.pathological,pathological,0.15006475824322552
SIWKL,21,0.1,0.001,sample08.pathological,pathological,0.14942954882607223
SIWKL,21,0.1,0.001,sample09.pathological,pathological,0.1530007856383981
SIWKL,21,0.1,0.001,sample10.pathological,pathological,0.14676060797585253
SIWKL,21,0.1,0.0001,sample01.functional,functional,-0.045125858858184736
SIWKL,21,0.1,0.0001,sample02.functional,functional,-0.045500100593678275
SIWKL,21,0.1,0.0001,sample03.functional,functional,-0.04840752878507802
SIWKL,21,0.1,0.0001,sample04.functional,functional,-0.04129352898629261
SIWKL,21,0.1,0.0001,sample05.functional,functional,-0.051274109451700564
SIWKL,21,0.1,0.0001,sample06.pathological,pathological,0.14323229758027542
SIWKL,21,0.1,0.0001,sample07.pathological,pathological,0.15006177607348398
SIWKL,21,0.1,0.0001,sample08.pathological,pathological,0.14942647050134228
SIWKL,21,0.1,0.0001,sample09.pathological,pathological,0.1529975741697156
SIWKL,21,0.1,0.0001,sample10.pathological,pathological,0.14675765692920417
SIWKL,21,0.1,1e-06,sample01.functional,functional,-0.04512583616477747
SIWKL,21,0.1,1e-06,sample02.functional,functional,-0.045500075236743605
SIWKL,21,0.1,1e-06,sample03.functional,functional,-0.04840750586141614
SIWKL,21,0.1,1e-06,sample04.functional,functional,-0.04129351864930232
SIWKL,21,0.1,1e-06,sample05.functional,functional,-0.05127407045799577
SIWKL,21,0.1,1e-06,sample06.pathological,pathological,0.14323198913960566
SIWKL,21,0.1,1e-06,sample07.pathological,pathological,0.1500614478649237
SIWKL,21,0.1,1e-06,sample08.pathological,pathological,0.1494261317099761
SIWKL,21,0.1,1e-06,sample09.pathological,pathological,0.1529972207256663
SIWKL,21,0.1,1e-06,sample10.pathological,pathological,0.14675733214651004
SIWKL,21,0.01,1.0,sample01.functional,functional,-0.0438371945372421
SIWKL,21,0.01,1.0,sample02.functional,functional,-0.044031751102462546
SIWKL,21,0.01,1.0,sample03.functional,functional,-0.04724386701840024
SIWKL,21,0.01,1.0,sample04.functional,functional,-0.03971143475823762
SIWKL,21,0.01,1.0,sample05.functional,functional,-0.04963785585237422
SIWKL,21,0.01,1.0,sample06.pathological,pathological,0.14347020169402178
SIWKL,21,0.01,1.0,sample07.pathological,pathological,0.15024191894866587
SIWKL,21,0.01,1.0,sample08.pathological,pathological,0.14974822889945938
SIWKL,21,0.01,1.0,sample09.pathological,pathological,0.15362964590650394
SIWKL,21,0.01,1.0,sample10.pathological,pathological,0.14681000887056853
SIWKL,21,0.01,0.1,sample01.functional,functional,-0.043678289174524446
SIWKL,21,0.01,0.1,sample02.functional,functional,-0.04385957532696167
SIWKL,21,0.01,0.1,sample03.functional,functional,-0.04707841486810598
SIWKL,21,0.01,0.1,sample04.functional,functional,-0.03962828775832758
SIWKL,21,0.01,0.1,sample05.functional,functional,-0.04940128649097371
SIWKL,21,0.01,0.1,sample06.pathological,pathological,0.14167682563242662
SIWKL,21,0.01,0.1,sample07.pathological,pathological,0.14834588693719883
SIWKL,21,0.01,0.1,sample08.pathological,pathological,0.14778971192880497
SIWKL,21,0.01,0.1,sample09.pathological,pathological,0.1515776447760019
SIWKL,21,0.01,0.1,sample10.pathological,pathological,0.14493208519610243
SIWKL,21,0.01,0.01,sample01.functional,functional,-0.043662485160638045
SIWKL,21,0.01,0.01,sample02.functional,functional,-0.04384164134791188
SIWKL,21,0.01,0.01,sample03.functional,functional,-0.04706157779389177
SIWKL,21,0.01,0.01,sample04.functional,functional,-0.039623420992215025
SIWKL,21,0.01,0.01,sample05.functional,functional,-0.049372560334921725
SIWKL,21,0.01,0.01,sample06.pathological,pathological,0.14141608937798014
SIWKL,21,0.01,0.01,sample07.pathological,pathological,0.1480688179792559
SIWKL,21,0.01,0.01,sample08.pathological,pathological,0.14750334303339876
SIWKL,21,0.01,0.01,sample09.pathological,pathological,0.15127802430270265
SIWKL,21,0.01,0.01,sample10.pathological,pathological,0.14465804153964054
SIWKL,21,0.01,0.001,sample01.functional,functional,-0.043660918590526065
SIWKL,21,0.01,0.001,sample02.functional,functional,-0.043839847167290176
SIWKL,21,0.01,0.001,sample03.functional,functional,-0.047059900323838985
SIWKL,21,0.01,0.001,sample04.functional,functional,-0.03962300041528047
SIWKL,21,0.01,0.001,sample05.functional,functional,-0.049369613903496964
SIWKL,21,0.01,0.001,sample06.pathological,pathological,0.14138871053587151
SIWKL,21,0.01,0.001,sample07.pathological,pathological,0.14803970613436335
SIWKL,21,0.01,0.001,sample08.pathological,pathological,0.14747325181945672
SIWKL,21,0.01,0.001,sample09.pathological,pathological,0.15124654736906293
SIWKL,21,0.01,0.001,sample10.pathological,pathological,0.14462925221589573
SIWKL,21,0.01,0.0001,sample01.functional,functional,-0.04366076209562801
SIWKL,21,0.01,0.0001,sample02.functional,functional,-0.0438396677531279
SIWKL,21,0.01,0.0001,sample03.functional,functional,-0.04705973265568033
SIWKL,21,0.01,0.0001,sample04.functional,functional,-0.039622959073274885
SIWKL,21,0.01,0.0001,sample05.functional,functional,-0.049369318482981886
SIWKL,21,0.01,0.0001,sample06.pathological,pathological,0.14138595876322488
SIWKL,21,0.01,0.0001,sample07.pathological,pathological,0.1480367799973262
SIWKL,21,0.01,0.0001,sample08.pathological,pathological,0.14747022721955852
SIWKL,21,0.01,0.0001,sample09.pathological,pathological,0.15124338355577363
SIWKL,21,0.01,0.0001,sample10.pathological,pathological,0.144626358544188
SIWKL,21,0.01,1e-06,sample01.functional,functional,-0.04366074488301692
SIWKL,21,0.01,1e-06,sample02.functional,functional,-0.0438396480176277
SIWKL,21,0.01,1e-06,sample03.functional,functional,-0.04705971421307734
SIWKL,21,0.01,1e-06,sample04.functional,functional,-0.0396229545336633
SIWKL,21,0.01,1e-06,sample05.functional,functional,-0.049369285978049696
SIWKL,21,0.01,1e-06,sample06.pathological,pathological,0.14138565591307542
SIWKL,21,0.01,1e-06,sample07.pathological,pathological,0.1480364579552023
SIWKL,21,0.01,1e-06,sample08.pathological,pathological,0.14746989434064317
SIWKL,21,0.01,1e-06,sample09.pathological,pathological,0.1512430353562232
SIWKL,21,0.01,1e-06,sample10.pathological,pathological,0.14462604007563318
SIWKL,21,0.001,1.0,sample01.functional,functional,-0.04323894934049072
SIWKL,21,0.001,1.0,sample02.functional,functional,-0.04334879760649405
SIWKL,21,0.001,1.0,sample03.functional,functional,-0.0466889342904349
SIWKL,21,0.001,1.0,sample04.functional,functional,-0.039027131362450736
SIWKL,21,0.001,1.0,sample05.functional,functional,-0.04886023537390621
SIWKL,21,0.001,1.0,sample06.pathological,pathological,0.1427234852958629
SIWKL,21,0.001,1.0,sample07.pathological,pathological,0.14941917449313086
SIWKL,21,0.001,1.0,sample08.pathological,pathological,0.14895459776864353
SIWKL,21,0.001,1.0,sample09.pathological,pathological,0.15292168107340948
SIWKL,21,0.001,1.0,sample10.pathological,pathological,0.14594587083078234
SIWKL,21,0.001,0.1,sample01.functional,functional,-0.04309361761238584
SIWKL,21,0.001,0.1,sample02.functional,functional,-0.04319036380605311
SIWKL,21,0.001,0.1,sample03.functional,functional,-0.04653439298381791
SIWKL,21,0.001,0.1,sample04.functional,functional,-0.038958177522063535
SIWKL,21,0.001,0.1,sample05.functional,functional,-0.04863954681511317
SIWKL,21,0.001,0.1,sample06.pathological,pathological,0.14094391891266356
SIWKL,21,0.001,0.1,sample07.pathological,pathological,0.14753846078533367
SIWKL,21,0.001,0.1,sample08.pathological,pathological,0.14701074783477638
SIWKL,21,0.001,0.1,sample09.pathological,pathological,0.150882626801396
SIWKL,21,0.001,0.1,sample10.pathological,pathological,0.14408364550707747
SIWKL,21,0.001,0.01,sample01.functional,functional,-0.04307970990755267
SIWKL,21,0.001,0.01,sample02.functional,functional,-0.04317438943590762
SIWKL,21,0.001,0.01,sample03.functional,functional,-0.04651912068281083
SIWKL,21,0.001,0.01,sample04.functional,functional,-0.03895532106535878
SIWKL,21,0.001,0.01,sample05.functional,functional,-0.048613063565095135
SIWKL,21,0.001,0.01,sample06.pathological,pathological,0.1406851000667407
SIWKL,21,0.001,0.01,sample07.pathological,pathological,0.14726352008155047
SIWKL,21,0.001,0.01,sample08.pathological,pathological,0.14672641577660536
SIWKL,21,0.001,0.01,sample09.pathological,pathological,0.15058480203375635
SIWKL,21,0.001,0.01,sample10.pathological,pathological,0.1438117796135632
SIWKL,21,0.001,0.001,sample01.functional,functional,-0.04307834153535006
SIWKL,21,0.001,0.001,sample02.functional,functional,-0.04317280064040565
SIWKL,21,0.001,0.001,sample03.functional,functional,-0.046517607339720844
SIWKL,21,0.001,0.001,sample04.functional,functional,-0.038955111019481514
SIWKL,21,0.001,0.001,sample05.functional,functional,-0.048610351930773565
SIWKL,21,0.001,0.001,sample06.pathological,pathological,0.14065792155775958
SIWKL,21,0.001,0.001,sample07.pathological,pathological,0.1472346306051622
SIWKL,21,0.001,0.001,sample08.pathological,pathological,0.14669653737229243
SIWKL,21,0.001,0.001,sample09.pathological,pathological,0.15055351269644154
SIWKL,21,0.001,0.001,sample10.pathological,pathological,0.14378321779444148
SIWKL,21,0.001,0.0001,sample01.functional,functional,-0.04307820495131021
SIWKL,21,0.001,0.0001,sample02.functional,functional,-0.04317264186510376
SIWKL,21,0.001,0.0001,sample03.functional,functional,-0.046517456165742765
SIWKL,21,0.001,0.0001,sample04.functional,functional,-0.03895509083172128
SIWKL,21,0.001,0.0001,sample05.functional,functional,-0.048610080101797515
SIWKL,21,0.001,0.0001,sample06.pathological,pathological,0.1406551899098735
SIWKL,21,0.001,0.0001,sample07.pathological,pathological,0.1472317268065284
SIWKL,21,0.001,0.0001,sample08.pathological,pathological,0.14669353415047612
SIWKL,21,0.001,0.0001,sample09.pathological,pathological,0.15055036772820626
SIWKL,21,0.001,0.0001,sample10.pathological,pathological,0.14378034697672398
SIWKL,21,0.001,1e-06,sample01.functional,functional,-0.043078189929910964
SIWKL,21,0.001,1e-06,sample02.functional,functional,-0.04317262440099922
SIWKL,21,0.001,1e-06,sample03.functional,functional,-0.04651743953841016
SIWKL,21,0.001,1e-06,sample04.functional,functional,-0.038955088620206905
SIWKL,21,0.001,1e-06,sample05.functional,functional,-0.04861005019318382
SIWKL,21,0.001,1e-06,sample06.pathological,pathological,0.14065488927446965
SIWKL,21,0.001,1e-06,sample07.pathological,pathological,0.14723140722276354
SIWKL,21,0.001,1e-06,sample08.pathological,pathological,0.1466932036242348
SIWKL,21,0.001,1e-06,sample09.pathological,pathological,0.15055002160256586
SIWKL,21,0.001,1e-06,sample10.pathological,pathological,0.1437800310232645
SIWKL,21,0.0001,1.0,sample01.functional,functional,-0.042932848210418297
SIWKL,21,0.0001,1.0,sample02.functional,functional,-0.04299892089596797
SIWKL,21,0.0001,1.0,sample03.functional,functional,-0.04640448292320417
SIWKL,21,0.0001,1.0,sample04.functional,functional,-0.03867683807071932
SIWKL,21,0.0001,1.0,sample05.functional,functional,-0.048462458526754945
SIWKL,21,0.0001,1.0,sample06.pathological,pathological,0.14234201642301214
SIWKL,21,0.0001,1.0,sample07.pathological,pathological,0.1489985896604354
SIWKL,21,0.0001,1.0,sample08.pathological,pathological,0.14854898844703562
SIWKL,21,0.0001,1.0,sample09.pathological,pathological,0.15256021254876775
SIWKL,21,0.0001,1.0,sample10.pathological,pathological,0.1455041096947814
SIWKL,21,0.0001,0.1,sample01.functional,functional,-0.04279448070586507
SIWKL,21,0.0001,0.1,sample02.functional,functional,-0.04284754983852859
SIWKL,21,0.0001,0.1,sample03.functional,functional,-0.046255555318445635
SIWKL,21,0.0001,0.1,sample04.functional,functional,-0.03861516943408861
SIWKL,21,0.0001,0.1,sample05.functional,functional,-0.048249913486418675
SIWKL,21,0.0001,0.1,sample06.pathological,pathological,0.14056951668390355
SIWKL,21,0.0001,0.1,sample07.pathological,pathological,0.1471257229145165
SIWKL,21,0.0001,0.1,sample08.pathological,pathological,0.14661264954752404
SIWKL,21,0.0001,0.1,sample09.pathological,pathological,0.15052777909472162
SIWKL,21,0.0001,0.1,sample10.pathological,pathological,0.14364992939182628
SIWKL,21,0.0001,0.01,sample01.functional,functional,-0.042781545996877626
SIWKL,21,0.0001,0.01,sample02.functional,functional,-0.04283258255018182
SIWKL,21,0.0001,0.01,sample03.functional,functional,-0.046241088006603634
SIWKL,21,0.0001,0.01,sample04.functional,functional,-0.038613344836944445
SIWKL,21,0.0001,0.01,sample05.functional,functional,-0.048224580396371904
SIWKL,21,0.0001,0.01,sample06.pathological,pathological,0.14031167912130105
SIWKL,21,0.0001,0.01,sample07.pathological,pathological,0.14685187253094661
SIWKL,21,0.0001,0.01,sample08.pathological,pathological,0.14632936066434588
SIWKL,21,0.0001,0.01,sample09.pathological,pathological,0.1502308727461772
SIWKL,21,0.0001,0.01,sample10.pathological,pathological,0.1433791796635843
SIWKL,21,0.0001,0.001,sample01.functional,functional,-0.04278027932060684
SIWKL,21,0.0001,0.001,sample02.functional,functional,-0.04283109930513656
SIWKL,21,0.0001,0.001,sample03.functional,functional,-0.04623965909635795
SIWKL,21,0.0001,0.001,sample04.functional,functional,-0.03861324285299023
SIWKL,21,0.0001,0.001,sample05.functional,functional,-0.04822198916589445
SIWKL,21,0.0001,0.001,sample06.pathological,pathological,0.1402846031393127
SIWKL,21,0.0001,0.001,sample07.pathological,pathological,0.14682309697670104
SIWKL,21,0.0001,0.001,sample08.pathological,pathological,0.14629959125260703
SIWKL,21,0.0001,0.001,sample09.pathological,pathological,0.15019967935707199
SIWKL,21,0.0001,0.001,sample10.pathological,pathological,0.14335073444832488
SIWKL,21,0.0001,0.0001,sample01.functional,functional,-0.04278015295289311
SIWKL,21,0.0001,0.0001,sample02.functional,functional,-0.04283095113643998
SIWKL,21,0.0001,0.0001,sample03.functional,functional,-0.04623951640756815
SIWKL,21,0.0001,0.0001,sample04.functional,functional,-0.03861323352333229
SIWKL,21,0.0001,0.0001,sample05.functional,functional,-0.048221729434649224
SIWKL,21,0.0001,0.0001,sample06.pathological,pathological,0.14028188179094195
SIWKL,21,0.0001,0.0001,sample07.pathological,pathological,0.14682020462232
SIWKL,21,0.0001,0.0001,sample08.pathological,pathological,0.1462965989798009
SIWKL,21,0.0001,0.0001,sample09.pathological,pathological,0.15019654402736274
SIWKL,21,0.0001,0.0001,sample10.pathological,pathological,0.1433478753440677
SIWKL,21,0.0001,1e-06,sample01.functional,functional,-0.04278013905581197
SIWKL,21,0.0001,1e-06,sample02.functional,functional,-0.04283093483963793
SIWKL,21,0.0001,1e-06,sample03.functional,functional,-0.046239500714074996
SIWKL,21,0.0001,1e-06,sample04.functional,functional,-0.038613232506789906
SIWKL,21,0.0001,1e-06,sample05.functional,functional,-0.04822170085742696
SIWKL,21,0.0001,1e-06,sample06.pathological,pathological,0.14028158228900708
SIWKL,21,0.0001,1e-06,sample07.pathological,pathological,0.1468198862980038
SIWKL,21,0.0001,1e-06,sample08.pathological,pathological,0.146296269658507
SIWKL,21,0.0001,1e-06,sample09.pathological,pathological,0.15019619896244904
SIWKL,21,0.0001,1e-06,sample10.pathological,pathological,0.14334756067968177
SIWKL,21,1e-06,1.0,sample01.functional,functional,-0.04262524572252732
SIWKL,21,1e-06,1.0,sample02.functional,functional,-0.04264731890017679
SIWKL,21,1e-06,1.0,sample03.functional,functional,-0.04611853680323556
SIWKL,21,1e-06,1.0,sample04.functional,functional,-0.0383248880118634
SIWKL,21,1e-06,1.0,sample05.functional,functional,-0.04806291822101707
SIWKL,21,1e-06,1.0,sample06.pathological,pathological,0.14195904078886984
SIWKL,21,1e-06,1.0,sample07.pathological,pathological,0.1485762898433868
SIWKL,21,1e-06,1.0,sample08.pathological,pathological,0.14814174679164066
SIWKL,21,1e-06,1.0,sample09.pathological,pathological,0.15219740803929618
SIWKL,21,1e-06,1.0,sample10.pathological,pathological,0.14506045620656977
SIWKL,21,1e-06,0.1,sample01.functional,functional,-0.0424938912133042
SIWKL,21,1e-06,0.1,sample02.functional,functional,-0.042503062721153735
SIWKL,21,1e-06,0.1,sample03.functional,functional,-0.045975268285366036
SIWKL,21,1e-06,0.1,sample04.functional,functional,-0.038270554751005936
SIWKL,21,1e-06,0.1,sample05.functional,functional,-0.047858568867375204
SIWKL,21,1e-06,0.1,sample06.pathological,pathological,0.14019364737418494
SIWKL,21,1e-06,0.1,sample07.pathological,pathological,0.14671131602465604
SIWKL,21,1e-06,0.1,sample08.pathological,pathological,0.14621296242618878
SIWKL,21,1e-06,0.1,sample09.pathological,pathological,0.15017162981865476
SIWKL,21,1e-06,0.1,sample10.pathological,pathological,0.14321437220597477
SIWKL,21,1e-06,0.01,sample01.functional,functional,-0.042481936294042996
SIWKL,21,1e-06,0.01,sample02.functional,functional,-0.04248910984466078
SIWKL,21,1e-06,0.01,sample03.functional,functional,-0.045961612363818606
SIWKL,21,1e-06,0.01,sample04.functional,functional,-0.038269769051921546
SIWKL,21,1e-06,0.01,sample05.functional,functional,-0.04783439323916163
SIWKL,21,1e-06,0.01,sample06.pathological,pathological,0.1399367965941156
SIWKL,21,1e-06,0.01,sample07.pathological,pathological,0.1464385623302307
SIWKL,21,1e-06,0.01,sample08.pathological,pathological,0.145930722743989
SIWKL,21,1e-06,0.01,sample09.pathological,pathological,0.14987564665862682
SIWKL,21,1e-06,0.01,sample10.pathological,pathological,0.14294474574082033
SIWKL,21,1e-06,0.001,sample01.functional,functional,-0.04248077202351346
SIWKL,21,1e-06,0.001,sample02.functional,functional,-0.04248773291688192
SIWKL,21,1e-06,0.001,sample03.functional,functional,-0.04596026855632993
SIWKL,21,1e-06,0.001,sample04.functional,functional,-0.03826977586601657
SIWKL,21,1e-06,0.001,sample05.functional,functional,-0.047831923175971285
SIWKL,21,1e-06,0.001,sample06.pathological,pathological,0.1399098237134605
SIWKL,21,1e-06,0.001,sample07.pathological,pathological,0.1464099013632525
SIWKL,21,1e-06,0.001,sample08.pathological,pathological,0.14590106295412872
SIWKL,21,1e-06,0.001,sample09.pathological,pathological,0.1498445497158647
SIWKL,21,1e-06,0.001,sample10.pathological,pathological,0.14291641787057063
SIWKL,21,1e-06,0.0001,sample01.functional,functional,-0.04248065594343069
SIWKL,21,1e-06,0.0001,sample02.functional,functional,-0.04248759543183124
SIWKL,21,1e-06,0.0001,sample03.functional,functional,-0.04596013442003697
SIWKL,21,1e-06,0.0001,sample04.functional,functional,-0.03826977746841701
SIWKL,21,1e-06,0.0001,sample05.functional,functional,-0.04783167561915533
SIWKL,21,1e-06,0.0001,sample06.pathological,pathological,0.13990711272229733
SIWKL,21,1e-06,0.0001,sample07.pathological,pathological,0.14640702051993632
SIWKL,21,1e-06,0.0001,sample08.pathological,pathological,0.14589808169354776
SIWKL,21,1e-06,0.0001,sample09.pathological,pathological,0.1498414240747196
SIWKL,21,1e-06,0.0001,sample10.pathological,pathological,0.14291357055422213
SIWKL,21,1e-06,1e-06,sample01.functional,functional,-0.04248064317851442
SIWKL,21,1e-06,1e-06,sample02.functional,functional,-0.04248758031081055
SIWKL,21,1e-06,1e-06,sample03.functional,functional,-0.045960119667790095
SIWKL,21,1e-06,1e-06,sample04.functional,functional,-0.03826977765498445
SIWKL,21,1e-06,1e-06,sample05.functional,functional,-0.047831648381764916
SIWKL,21,1e-06,1e-06,sample06.pathological,pathological,0.1399068143601815
SIWKL,21,1e-06,1e-06,sample07.pathological,pathological,0.1464067034624222
SIWKL,21,1e-06,1e-06,sample08.pathological,pathological,0.14589775358415727
SIWKL,21,1e-06,1e-06,sample09.pathological,pathological,0.1498410800760385
SIWKL,21,1e-06,1e-06,sample10.pathological,pathological,0.1429132571871026
SIWKL,31,1.0,1.0,sample01.functional,functional,-0.0725884644672682
SIWKL,31,1.0,1.0,sample02.functional,functional,-0.06948954013523359
SIWKL,31,1.0,1.0,sample03.functional,functional,-0.06918712662142558
SIWKL,31,1.0,1.0,sample04.functional,functional,-0.0670708128242774
SIWKL,31,1.0,1.0,sample05.functional,functional,-0.0808044951353031
SIWKL,31,1.0,1.0,sample06.pathological,pathological,0.19233650267769903
SIWKL,31,1.0,1.0,sample07.pathological,pathological,0.19781087902871822
SIWKL,31,1.0,1.0,sample08.pathological,pathological,0.19781145231577874
SIWKL,31,1.0,1.0,sample09.pathological,pathological,0.2047839852906272
SIWKL,31,1.0,1.0,sample10.pathological,pathological,0.20208888862783955
SIWKL,31,1.0,0.1,sample01.functional,functional,-0.072237036352488
SIWKL,31,1.0,0.1,sample02.functional,functional,-0.06922501898415073
SIWKL,31,1.0,0.1,sample03.functional,functional,-0.0689784774934019
SIWKL,31,1.0,0.1,sample04.functional,functional,-0.0668530199426845
SIWKL,31,1.0,0.1,sample05.functional,functional,-0.08041259092032704
SIWKL,31,1.0,0.1,sample06.pathological,pathological,0.19014234347723663
SIWKL,31,1.0,0.1,sample07.pathological,pathological,0.19552894746552707
SIWKL,31,1.0,0.1,sample08.pathological,pathological,0.19543827659222068
SIWKL,31,1.0,0.1,sample09.pathological,pathological,0.2023092663716109
SIWKL,31,1.0,0.1,sample10.pathological,pathological,0.19974111244183998
SIWKL,31,1.0,0.01,sample01.functional,functional,-0.07219426385763388
SIWKL,31,1.0,0.01,sample02.functional,functional,-0.06919514025932154
SIWKL,31,1.0,0.01,sample03.functional,functional,-0.0689568993603054
SIWKL,31,1.0,0.01,sample04.functional,functional,-0.06683016018090979
SIWKL,31,1.0,0.01,sample05.functional,functional,-0.08036267979864897
SIWKL,31,1.0,0.01,sample06.pathological,pathological,0.18982301368980353
SIWKL,31,1.0,0.01,sample07.pathological,pathological,0.19519525090690767
SIWKL,31,1.0,0.01,sample08.pathological,pathological,0.1950910137711392
SIWKL,31,1.0,0.01,sample09.pathological,pathological,0.20194736602390698
SIWKL,31,1.0,0.01,sample10.pathological,pathological,0.19939758854084022
SIWKL,31,1.0,0.001,sample01.functional,functional,-0.0721898783735457
SIWKL,31,1.0,0.001,sample02.functional,functional,-0.06919211128959045
SIWKL,31,1.0,0.001,sample03.functional,functional,-0.0689547448972859
SIWKL,31,1.0,0.001,sample04.functional,functional,-0.06682787166504142
SIWKL,31,1.0,0.001,sample05.functional,functional,-0.08035752738622796
SIWKL,31,1.0,0.001,sample06.pathological,pathological,0.18978947827138581
SIWKL,31,1.0,0.001,sample07.pathological,pathological,0.19516018613760036
SIWKL,31,1.0,0.001,sample08.pathological,pathological,0.1950545205633054
SIWKL,31,1.0,0.001,sample09.pathological,pathological,0.20190933885575713
SIWKL,31,1.0,0.001,sample10.pathological,pathological,0.19936148862615605
SIWKL,31,1.0,0.0001,sample01.functional,functional,-0.0721894386903083
SIWKL,31,1.0,0.0001,sample02.functional,functional,-0.06919180797149894
SIWKL,31,1.0,0.0001,sample03.functional,functional,-0.06895452950415784
SIWKL,31,1.0,0.0001,sample04.functional,functional,-0.06682764280394585
SIWKL,31,1.0,0.0001,sample05.functional,functional,-0.08035701044071185
SIWKL,31,1.0,0.0001,sample06.pathological,pathological,0.18978610767809356
SIWKL,31,1.0,0.0001,sample07.pathological,pathological,0.19515666161941803
SIWKL,31,1.0,0.0001,sample08.pathological,pathological,0.19505085243640669
SIWKL,31,1.0,0.0001,sample09.pathological,pathological,0.20190551658839698
SIWKL,31,1.0,0.0001,sample10.pathological,pathological,0.19935786003519504
SIWKL,31,1.0,1e-06,sample01.functional,functional,-0.07218939031249318
SIWKL,31,1.0,1e-06,sample02.functional,functional,-0.06919177460182249
SIWKL,31,1.0,1e-06,sample03.functional,functional,-0.06895450581152768
SIWKL,31,1.0,1e-06,sample04.functional,functional,-0.0668276176291388
SIWKL,31,1.0,1e-06,sample05.functional,functional,-0.08035695355767883
SIWKL,31,1.0,1e-06,sample06.pathological,pathological,0.18978573672233628
SIWKL,31,1.0,1e-06,sample07.pathological,pathological,0.1951562737208611
SIWKL,31,1.0,1e-06,sample08.pathological,pathological,0.19505044873234476
SIWKL,31,1.0,1e-06,sample09.pathological,pathological,0.20190509592057015
SIWKL,31,1.0,1e-06,sample10.pathological,pathological,0.19935746068239515
SIWKL,31,0.1,1.0,sample01.functional,functional,-0.07016130210059922
SIWKL,31,0.1,1.0,sample02.functional,functional,-0.06741291614157664
SIWKL,31,0.1,1.0,sample03.functional,functional,-0.06801794105617245
SIWKL,31,0.1,1.0,sample04.functional,functional,-0.06538191740994946
SIWKL,31,0.1,1.0,sample05.functional,functional,-0.07873414590703785
SIWKL,31,0.1,1.0,sample06.pathological,pathological,0.1898070653581194
SIWKL,31,0.1,1.0,sample07.pathological,pathological,0.19525068589646302
SIWKL,31,0.1,1.0,sample08.pathological,pathological,0.19517064602391282
SIWKL,31,0.1,1.0,sample09.pathological,pathological,0.20199438668858916
SIWKL,31,0.1,1.0,sample10.pathological,pathological,0.1992920597954837
SIWKL,31,0.1,0.1,sample01.functional,functional,-0.06986445489883754
SIWKL,31,0.1,0.1,sample02.functional,functional,-0.06719060792729417
SIWKL,31,0.1,0.1,sample03.functional,functional,-0.06783089915825952
SIWKL,31,0.1,0.1,sample04.functional,functional,-0.06519740219030937
SIWKL,31,0.1,0.1,sample05.functional,functional,-0.0783834308353857
SIWKL,31,0.1,0.1,sample06.pathological,pathological,0.187660087938914
SIWKL,31,0.1,0.1,sample07.pathological,pathological,0.19301623170988727
SIWKL,31,0.1,0.1,sample08.pathological,pathological,0.19284620570114888
SIWKL,31,0.1,0.1,sample09.pathological,pathological,0.19957082353022448
SIWKL,31,0.1,0.1,sample10.pathological,pathological,0.196993344683608
SIWKL,31,0.1,0.01,sample01.functional,functional,-0.06982926936123378
SIWKL,31,0.1,0.01,sample02.functional,functional,-0.06716669335476058
SIWKL,31,0.1,0.01,sample03.functional,functional,-0.0678124410687498
SIWKL,31,0.1,0.01,sample04.functional,functional,-0.06517928523917714
SIWKL,31,0.1,0.01,sample05.functional,functional,-0.07833932601746883
SIWKL,31,0.1,0.01,sample06.pathological,pathological,0.1873473213927592
SIWKL,31,0.1,0.01,sample07.pathological,pathological,0.19268913434756563
SIWKL,31,0.1,0.01,sample08.pathological,pathological,0.19250571365655603
SIWKL,31,0.1,0.01,sample09.pathological,pathological,0.19921602556507007
SIWKL,31,0.1,0.01,sample10.pathological,pathological,0.1966566308130354
SIWKL,31,0.1,0.001,sample01.functional,functional,-0.06982567635880445
SIWKL,31,0.1,0.001,sample02.functional,functional,-0.06716428880701737
SIWKL,31,0.1,0.001,sample03.functional,functional,-0.06781061421123766
SIWKL,31,0.1,0.001,sample04.functional,functional,-0.06517749382118648
SIWKL,31,0.1,0.001,sample05.functional,functional,-0.07833478132554768
SIWKL,31,0.1,0.001,sample06.pathological,pathological,0.18731447179177899
SIWKL,31,0.1,0.001,sample07.pathological,pathological,0.19265475908344873
SIWKL,31,0.1,0.001,sample08.pathological,pathological,0.19246992784069827
SIWKL,31,0.1,0.001,sample09.pathological,pathological,0.19917874036105368
SIWKL,31,0.1,0.001,sample10.pathological,pathological,0.19662124233108666
SIWKL,31,0.1,0.0001,sample01.functional,functional,-0.06982531628281827
SIWKL,31,0.1,0.0001,sample02.functional,functional,-0.06716404822927867
SIWKL,31,0.1,0.0001,sample03.functional,functional,-0.06781043174499178
SIWKL,31,0.1,0.0001,sample04.functional,functional,-0.06517731491288349
SIWKL,31,0.1,0.0001,sample05.functional,functional,-0.07833432544044908
SIWKL,31,0.1,0.0001,sample06.pathological,pathological,0.1873111700940402
SIWKL,31,0.1,0.0001,sample07.pathological,pathological,0.19265130383056628
SIWKL,31,0.1,0.0001,sample08.pathological,pathological,0.19246633077552963
SIWKL,31,0.1,0.0001,sample09.pathological,pathological,0.19917499262763122
SIWKL,31,0.1,0.0001,sample10.pathological,pathological,0.19661768520717904
SIWKL,31,0.1,1e-06,sample01.functional,functional,-0.06982527666581209
SIWKL,31,0.1,1e-06,sample02.functional,functional,-0.06716402176437193
SIWKL,31,0.1,1e-06,sample03.functional,functional,-0.0678104116761774
SIWKL,31,0.1,1e-06,sample04.functional,functional,-0.0651772952355989
SIWKL,31,0.1,1e-06,sample05.functional,functional,-0.07833427527728413
SIWKL,31,0.1,1e-06,sample06.pathological,pathological,0.18731080672029946
SIWKL,31,0.1,1e-06,sample07.pathological,pathological,0.19265092355470856
SIWKL,31,0.1,1e-06,sample08.pathological,pathological,0.19246593489186126
SIWKL,31,0.1,1e-06,sample09.pathological,pathological,0.19917458016230902
SIWKL,31,0.1,1e-06,sample10.pathological,pathological,0.19661729371937176
SIWKL,31,0.01,1.0,sample01.functional,functional,-0.0693328692752819
SIWKL,31,0.01,1.0,sample02.functional,functional,-0.06669558499262805
SIWKL,31,0.01,1.0,sample03.functional,functional,-0.06762481695541973
SIWKL,31,0.01,1.0,sample04.functional,functional,-0.06477927295079677
SIWKL,31,0.01,1.0,sample05.functional,functional,-0.07801065620861819
SIWKL,31,0.01,1.0,sample06.pathological,pathological,0.18891765859953577
SIWKL,31,0.01,1.0,sample07.pathological,pathological,0.1943502892748019
SIWKL,31,0.01,1.0,sample08.pathological,pathological,0.19424190888616102
SIWKL,31,0.01,1.0,sample09.pathological,pathological,0.201006799947644
SIWKL,31,0.01,1.0,sample10.pathological,pathological,0.1982981009180823
SIWKL,31,0.01,0.1,sample01.functional,functional,-0.0690545201777327
SIWKL,31,0.01,0.1,sample02.functional,functional,-0.06648762818953458
SIWKL,31,0.01,0.1,sample03.functional,functional,-0.06744476946658179
SIWKL,31,0.01,0.1,sample04.functional,functional,-0.06460653335864897
SIWKL,31,0.01,0.1,sample05.functional,functional,-0.07767416502494315
SIWKL,31,0.01,0.1,sample06.pathological,pathological,0.1867870312599806
SIWKL,31,0.01,0.1,sample07.pathological,pathological,0.19213230226474218
SIWKL,31,0.01,0.1,sample08.pathological,pathological,0.1919343749862003
SIWKL,31,0.01,0.1,sample09.pathological,pathological,0.19860115175445114
SIWKL,31,0.01,0.1,sample10.pathological,pathological,0.19601658829065474
SIWKL,31,0.01,0.01,sample01.functional,functional,-0.0690219148564199
SIWKL,31,0.01,0.01,sample02.functional,functional,-0.06646575199353123
SIWKL,31,0.01,0.01,sample03.functional,functional,-0.0674273322726171
SIWKL,31,0.01,0.01,sample04.functional,functional,-0.06459010010685488
SIWKL,31,0.01,0.01,sample05.functional,functional,-0.07763207391024878
SIWKL,31,0.01,0.01,sample06.pathological,pathological,0.18647654759294943
SIWKL,31,0.01,0.01,sample07.pathological,pathological,0.1918075023421433
SIWKL,31,0.01,0.01,sample08.pathological,pathological,0.1915962405279047
SIWKL,31,0.01,0.01,sample09.pathological,pathological,0.19824884963241543
SIWKL,31,0.01,0.01,sample10.pathological,pathological,0.19568227057559512
SIWKL,31,0.01,0.001,sample01.functional,functional,-0.06901859147191101
SIWKL,31,0.01,0.001,sample02.functional,functional,-0.0664635609920341
SIWKL,31,0.01,0.001,sample03.functional,functional,-0.06742561275118647
SIWKL,31,0.01,0.001,sample04.functional,functional,-0.06458848522835206
SIWKL,31,0.01,0.001,sample05.functional,functional,-0.07762774009413358
SIWKL,31,0.01,0.001,sample06.pathological,pathological,0.18644393664685383
SIWKL,31,0.01,0.001,sample07.pathological,pathological,0.19177336723101746
SIWKL,31,0.01,0.001,sample08.pathological,pathological,0.19156070113826199
SIWKL,31,0.01,0.001,sample09.pathological,pathological,0.19821182527009357
SIWKL,31,0.01,0.001,sample10.pathological,pathological,0.19564713252219357
SIWKL,31,0.01,0.0001,sample01.functional,functional,-0.06901825848096899
SIWKL,31,0.01,0.0001,sample02.functional,functional,-0.06646334187229465
SIWKL,31,0.01,0.0001,sample03.functional,functional,-0.06742544107450861
SIWKL,31,0.01,0.0001,sample04.functional,functional,-0.06458832406101628
SIWKL,31,0.01,0.0001,sample05.functional,functional,-0.07762730539781525
SIWKL,31,0.01,0.0001,sample06.pathological,pathological,0.18644065892492231
SIWKL,31,0.01,0.0001,sample07.pathological,pathological,0.19176993610419676
SIWKL,31,0.01,0.0001,sample08.pathological,pathological,0.19155712882922785
SIWKL,31,0.01,0.0001,sample09.pathological,pathological,0.1982081037406185
SIWKL,31,0.01,0.0001,sample10.pathological,pathological,0.19564360055620675
SIWKL,31,0.01,1e-06,sample01.functional,functional,-0.0690182218446946
SIWKL,31,0.01,1e-06,sample02.functional,functional,-0.06646331776892314
SIWKL,31,0.01,1e-06,sample03.functional,functional,-0.06742542219317169
SIWKL,31,0.01,1e-06,sample04.functional,functional,-0.06458830633621065
SIWKL,31,0.01,1e-06,sample05.functional,functional,-0.07762725756654673
SIWKL,31,0.01,1e-06,sample06.pathological,pathological,0.18644029818975252
SIWKL,31,0.01,1e-06,sample07.pathological,pathological,0.1917695584834434
SIWKL,31,0.01,1e-06,sample08.pathological,pathological,0.19155673567000253
SIWKL,31,0.01,1e-06,sample09.pathological,pathological,0.19820769415906825
SIWKL,31,0.01,1e-06,sample10.pathological,pathological,0.19564321183705644
SIWKL,31,0.001,1.0,sample01.functional,functional,-0.06900278073227625
SIWKL,31,0.001,1.0,sample02.functional,functional,-0.06640916476291038
SIWKL,31,0.001,1.0,sample03.functional,functional,-0.06746839791633001
SIWKL,31,0.001,1.0,sample04.functional,functional,-0.0645372940806524
SIWKL,31,0.001,1.0,sample05.functional,functional,-0.0777214186334933
SIWKL,31,0.001,1.0,sample06.pathological,pathological,0.18856152966145323
SIWKL,31,0.001,1.0,sample07.pathological,pathological,0.1939899079576884
SIWKL,31,0.001,1.0,sample08.pathological,pathological,0.19387022673652854
SIWKL,31,0.001,1.0,sample09.pathological,pathological,0.2006112694435197
SIWKL,31,0.001,1.0,sample10.pathological,pathological,0.1978993417772348
SIWKL,31,0.001,0.1,sample01.functional,functional,-0.06873179898220196
SIWKL,31,0.001,0.1,sample02.functional,functional,-0.06620693279284472
SIWKL,31,0.001,0.1,sample03.functional,functional,-0.06729111919846682
SIWKL,31,0.001,0.1,sample04.functional,functional,-0.06436928215869474
SIWKL,31,0.001,0.1,sample05.functional,functional,-0.07739061295873705
SIWKL,31,0.001,0.1,sample06.pathological,pathological,0.1864374354338002
SIWKL,31,0.001,0.1,sample07.pathological,pathological,0.1917785031012651
SIWKL,31,0.001,0.1,sample08.pathological,pathological,0.19156945148118507
SIWKL,31,0.001,0.1,sample09.pathological,pathological,0.198212797134876
SIWKL,31,0.001,0.1,sample10.pathological,pathological,0.19562472454566907
SIWKL,31,0.001,0.01,sample01.functional,functional,-0.06870022191211743
SIWKL,31,0.001,0.01,sample02.functional,functional,-0.06618587039779392
SIWKL,31,0.001,0.01,sample03.functional,functional,-0.06727408687039949
SIWKL,31,0.001,0.01,sample04.functional,functional,-0.06435352520610704
SIWKL,31,0.001,0.01,sample05.functional,functional,-0.0773493273044576
SIWKL,31,0.001,0.01,sample06.pathological,pathological,0.18612786450601965
SIWKL,31,0.001,0.01,sample07.pathological,pathological,0.1914546220592158
SIWKL,31,0.001,0.01,sample08.pathological,pathological,0.1912322600880773
SIWKL,31,0.001,0.01,sample09.pathological,pathological,0.19786149528917119
SIWKL,31,0.001,0.01,sample10.pathological,pathological,0.19529136784245235
SIWKL,31,0.001,0.001,sample01.functional,functional,-0.06869700598131803
SIWKL,31,0.001,0.001,sample02.functional,functional,-0.06618376466108412
SIWKL,31,0.001,0.001,sample03.functional,functional,-0.06727240992566107
SIWKL,31,0.001,0.001,sample04.functional,functional,-0.06435198124318282
SIWKL,31,0.001,0.001,sample05.functional,functional,-0.07734507784346917
SIWKL,31,0.001,0.001,sample06.pathological,pathological,0.1860953489857757
SIWKL,31,0.001,0.001,sample07.pathological,pathological,0.1914205830064327
SIWKL,31,0.001,0.001,sample08.pathological,pathological,0.19119681927943033
SIWKL,31,0.001,0.001,sample09.pathological,pathological,0.19782457547319962
SIWKL,31,0.001,0.001,sample10.pathological,pathological,0.19525633023376238
SIWKL,31,0.001,0.0001,sample01.functional,functional,-0.0686966837849431
SIWKL,31,0.001,0.0001,sample02.functional,functional,-0.0661835541091878
SIWKL,31,0.001,0.0001,sample03.functional,functional,-0.06727224252894763
SIWKL,31,0.001,0.0001,sample04.functional,functional,-0.0643518272024032
SIWKL,31,0.001,0.0001,sample05.functional,functional,-0.07734465162321763
SIWKL,31,0.001,0.0001,sample06.pathological,pathological,0.18609208085061218
SIWKL,31,0.001,0.0001,sample07.pathological,pathological,0.19141716152982294
SIWKL,31,0.001,0.0001,sample08.pathological,pathological,0.19119325687398125
SIWKL,31,0.001,0.0001,sample09.pathological,pathological,0.19782086444643918
SIWKL,31,0.001,0.0001,sample10.pathological,pathological,0.19525280835846887
SIWKL,31,0.001,1e-06,sample01.functional,functional,-0.06869664833662031
SIWKL,31,0.001,1e-06,sample02.functional,functional,-0.06618353094874084
SIWKL,31,0.001,1e-06,sample03.functional,functional,-0.06727222411865563
SIWKL,31,0.001,1e-06,sample04.functional,functional,-0.06435181026190948
SIWKL,31,0.001,1e-06,sample05.functional,functional,-0.07734460472476924
SIWKL,31,0.001,1e-06,sample06.pathological,pathological,0.18609172117048073
SIWKL,31,0.001,1e-06,sample07.pathological,pathological,0.19141678497108866
SIWKL,31,0.001,1e-06,sample08.pathological,pathological,0.19119286480465822
SIWKL,31,0.001,1e-06,sample09.pathological,pathological,0.19782045602072482
SIWKL,31,0.001,1e-06,sample10.pathological,pathological,0.19525242074981136
SIWKL,31,0.0001,1.0,sample01.functional,functional,-0.06883411690585774
SIWKL,31,0.0001,1.0,sample02.functional,functional,-0.06626276659065435
SIWKL,31,0.0001,1.0,sample03.functional,functional,-0.0673884506785834
SIWKL,31,0.0001,1.0,sample04.functional,functional,-0.0644134937837449
SIWKL,31,0.0001,1.0,sample05.functional,functional,-0.0775735696448938
SIWKL,31,0.0001,1.0,sample06.pathological,pathological,0.1883794599376678
SIWKL,31,0.0001,1.0,sample07.pathological,pathological,0.19380569149855575
SIWKL,31,0.0001,1.0,sample08.pathological,pathological,0.19368023887571448
SIWKL,31,0.0001,1.0,sample09.pathological,pathological,0.20040908235125157
SIWKL,31,0.0001,1.0,sample10.pathological,pathological,0.19769539128350785
SIWKL,31,0.0001,0.1,sample01.functional,functional,-0.06856690140407183
SIWKL,31,0.0001,0.1,sample02.functional,functional,-0.06606346303120245
SIWKL,31,0.0001,0.1,sample03.functional,functional,-0.06721258781378114
SIWKL,31,0.0001,0.1,sample04.functional,functional,-0.0642479027085398
SIWKL,31,0.0001,0.1,sample05.functional,functional,-0.07724567282532523
SIWKL,31,0.0001,0.1,sample06.pathological,pathological,0.18625870632339264
SIWKL,31,0.0001,0.1,sample07.pathological,pathological,0.19159765262765086
SIWKL,31,0.0001,0.1,sample08.pathological,pathological,0.1913829200926619
SIWKL,31,0.0001,0.1,sample09.pathological,pathological,0.19801428127978138
SIWKL,31,0.0001,0.1,sample10.pathological,pathological,0.19542430334001193
SIWKL,31,0.0001,0.01,sample01.functional,functional,-0.06853585002871287
SIWKL,31,0.0001,0.01,sample02.functional,functional,-0.06604281695457488
SIWKL,31,0.0001,0.01,sample03.functional,functional,-0.06719576255696431
SIWKL,31,0.0001,0.01,sample04.functional,functional,-0.06423249207146044
SIWKL,31,0.0001,0.01,sample05.functional,functional,-0.07720479929440122
SIWKL,31,0.0001,0.01,sample06.pathological,pathological,0.18594960214640147
SIWKL,31,0.0001,0.01,sample07.pathological,pathological,0.19127424151919128
SIWKL,31,0.0001,0.01,sample08.pathological,pathological,0.1910462110340893
SIWKL,31,0.0001,0.01,sample09.pathological,pathological,0.19766349121854881
SIWKL,31,0.0001,0.01,sample10.pathological,pathological,0.19509143854862734
SIWKL,31,0.0001,0.001,sample01.functional,functional,-0.06853268903428819
SIWKL,31,0.0001,0.001,sample02.functional,functional,-0.06604075483744905
SIWKL,31,0.0001,0.001,sample03.functional,functional,-0.06719410738879612
SIWKL,31,0.0001,0.001,sample04.functional,functional,-0.06423098442269715
SIWKL,31,0.0001,0.001,sample05.functional,functional,-0.07720059299505486
SIWKL,31,0.0001,0.001,sample06.pathological,pathological,0.18591713542484614
SIWKL,31,0.0001,0.001,sample07.pathological,pathological,0.1912402515929729
SIWKL,31,0.0001,0.001,sample08.pathological,pathological,0.1910108206455434
SIWKL,31,0.0001,0.001,sample09.pathological,pathological,0.19762662489341917
SIWKL,31,0.0001,0.001,sample10.pathological,pathological,0.19505645235484528
SIWKL,31,0.0001,0.0001,sample01.functional,functional,-0.06853237235670782
SIWKL,31,0.0001,0.0001,sample02.functional,functional,-0.06604054866867706
SIWKL,31,0.0001,0.0001,sample03.functional,functional,-0.0671939421811475
SIWKL,31,0.0001,0.0001,sample04.functional,functional,-0.06423083403125675
SIWKL,31,0.0001,0.0001,sample05.functional,functional,-0.07720017111172127
SIWKL,31,0.0001,0.0001,sample06.pathological,pathological,0.18591387219215014
SIWKL,31,0.0001,0.0001,sample07.pathological,pathological,0.19123683505171984
SIWKL,31,0.0001,0.0001,sample08.pathological,pathological,0.19100726330537282
SIWKL,31,0.0001,0.0001,sample09.pathological,pathological,0.1976229192403471
SIWKL,31,0.0001,0.0001,sample10.pathological,pathological,0.1950529356447066
SIWKL,31,0.0001,1e-06,sample01.functional,functional,-0.0685323375157333
SIWKL,31,0.0001,1e-06,sample02.functional,functional,-0.0660405259906104
SIWKL,31,0.0001,1e-06,sample03.functional,functional,-0.06719392401178047
SIWKL,31,0.0001,1e-06,sample04.functional,functional,-0.06423081749239036
SIWKL,31,0.0001,1e-06,sample05.functional,functional,-0.07720012469056547
SIWKL,31,0.0001,1e-06,sample06.pathological,pathological,0.18591351305154294
SIWKL,31,0.0001,1e-06,sample07.pathological,pathological,0.1912364590361281
SIWKL,31,0.0001,1e-06,sample08.pathological,pathological,0.19100687179349052
SIWKL,31,0.0001,1e-06,sample09.pathological,pathological,0.19762251140601328
SIWKL,31,0.0001,1e-06,sample10.pathological,pathological,0.1950525486044804
SIWKL,31,1e-06,1.0,sample01.functional,functional,-0.0686648877100901
SIWKL,31,1e-06,1.0,sample02.functional,functional,-0.06611585882481959
SIWKL,31,1e-06,1.0,sample03.functional,functional,-0.0673082055053105
SIWKL,31,1e-06,1.0,sample04.functional,functional,-0.0642892398865674
SIWKL,31,1e-06,1.0,sample05.functional,functional,-0.07742521047333815
SIWKL,31,1e-06,1.0,sample06.pathological,pathological,0.1881967918482195
SIWKL,31,1e-06,1.0,sample07.pathological,pathological,0.19362087620949858
SIWKL,31,1e-06,1.0,sample08.pathological,pathological,0.19348963237139266
SIWKL,31,1e-06,1.0,sample09.pathological,pathological,0.20020623446614286
SIWKL,31,1e-06,1.0,sample10.pathological,pathological,0.19749072632269032
SIWKL,31,1e-06,0.1,sample01.functional,functional,-0.06840145312492191
SIWKL,31,1e-06,0.1,sample02.functional,functional,-0.06591949631676265
SIWKL,31,1e-06,0.1,sample03.functional,functional,-0.06713376540427671
SIWKL,31,1e-06,0.1,sample04.functional,functional,-0.06412608067633195
SIWKL,31,1e-06,0.1,sample05.functional,functional,-0.07710023496688487
SIWKL,31,1e-06,0.1,sample06.pathological,pathological,0.18607939152315955
SIWKL,31,1e-06,0.1,sample07.pathological,pathological,0.19141621615197701
SIWKL,31,1e-06,0.1,sample08.pathological,pathological,0.1911957833837754
SIWKL,31,1e-06,0.1,sample09.pathological,pathological,0.1978151191548086
SIWKL,31,1e-06,0.1,sample10.pathological,pathological,0.1952231829407786
SIWKL,31,1e-06,0.01,sample01.functional,functional,-0.06837092949738471
SIWKL,31,1e-06,0.01,sample02.functional,functional,-0.06589926835002616
SIWKL,31,1e-06,0.01,sample03.functional,functional,-0.06711714822041501
SIWKL,31,1e-06,0.01,sample04.functional,functional,-0.06411101792129831
SIWKL,31,1e-06,0.01,sample05.functional,functional,-0.07705977531905361
SIWKL,31,1e-06,0.01,sample06.pathological,pathological,0.18577075586866373
SIWKL,31,1e-06,0.01,sample07.pathological,pathological,0.19109327676912347
SIWKL,31,1e-06,0.01,sample08.pathological,pathological,0.1908595585199821
SIWKL,31,1e-06,0.01,sample09.pathological,pathological,0.19746484290317684
SIWKL,31,1e-06,0.01,sample10.pathological,pathological,0.1948908121911471
SIWKL,31,1e-06,0.001,sample01.functional,functional,-0.06836782365396026
SIWKL,31,1e-06,0.001,sample02.functional,functional,-0.06589725004009281
SIWKL,31,1e-06,0.001,sample03.functional,functional,-0.06711551493402727
SIWKL,31,1e-06,0.001,sample04.functional,functional,-0.06410954675081773
SIWKL,31,1e-06,0.001,sample05.functional,functional,-0.07705561236555909
SIWKL,31,1e-06,0.001,sample06.pathological,pathological,0.18573833813102303
SIWKL,31,1e-06,0.001,sample07.pathological,pathological,0.1910593361568051
SIWKL,31,1e-06,0.001,sample08.pathological,pathological,0.1908242187459931
SIWKL,31,1e-06,0.001,sample09.pathological,pathological,0.19742803028054146
SIWKL,31,1e-06,0.001,sample10.pathological,pathological,0.19485587763488135
SIWKL,31,1e-06,0.0001,sample01.functional,functional,-0.0683675125167359
SIWKL,31,1e-06,0.0001,sample02.functional,functional,-0.06589704827329552
SIWKL,31,1e-06,0.0001,sample03.functional,functional,-0.0671153519260177
SIWKL,31,1e-06,0.0001,sample04.functional,functional,-0.06410940002520747
SIWKL,31,1e-06,0.0001,sample05.functional,functional,-0.07705519483765226
SIWKL,31,1e-06,0.0001,sample06.pathological,pathological,0.18573507981940254
SIWKL,31,1e-06,0.0001,sample07.pathological,pathological,0.19105592456972822
SIWKL,31,1e-06,0.0001,sample08.pathological,pathological,0.19082066649063645
SIWKL,31,1e-06,0.0001,sample09.pathological,pathological,0.1974243300224205
SIWKL,31,1e-06,0.0001,sample10.pathological,pathological,0.19485236611226095
SIWKL,31,1e-06,1e-06,sample01.functional,functional,-0.06836747828548273
SIWKL,31,1e-06,1e-06,sample02.functional,functional,-0.06589702607968356
SIWKL,31,1e-06,1e-06,sample03.functional,functional,-0.06711533399873917
SIWKL,31,1e-06,1e-06,sample04.functional,functional,-0.0641093838897841
SIWKL,31,1e-06,1e-06,sample05.functional,functional,-0.07705514889582632
SIWKL,31,1e-06,1e-06,sample06.pathological,pathological,0.18573472122036708
SIWKL,31,1e-06,1e-06,sample07.pathological,pathological,0.19105554909935069
SIWKL,31,1e-06,1e-06,sample08.pathological,pathological,0.19082027553834494
SIWKL,31,1e-06,1e-06,sample09.pathological,pathological,0.19742392278180715
SIWKL,31,1e-06,1e-06,sample10.pathological,pathological,0.19485197964292714
SIWKL,41,1.0,1.0,sample01.functional,functional,-0.08445773561441074
SIWKL,41,1.0,1.0,sample02.functional,functional,-0.07914553004318665
SIWKL,41,1.0,1.0,sample03.functional,functional,-0.07769547495222867
SIWKL,41,1.0,1.0,sample04.functional,functional,-0.07642193611837578
SIWKL,41,1.0,1.0,sample05.functional,functional,-0.0915183650699939
SIWKL,41,1.0,1.0,sample06.pathological,pathological,0.21493607560960923
SIWKL,41,1.0,1.0,sample07.pathological,pathological,0.21876016796696776
SIWKL,41,1.0,1.0,sample08.pathological,pathological,0.21987567744492445
SIWKL,41,1.0,1.0,sample09.pathological,pathological,0.2290621736419431
SIWKL,41,1.0,1.0,sample10.pathological,pathological,0.22759332922814052
SIWKL,41,1.0,0.1,sample01.functional,functional,-0.08409636707472903
SIWKL,41,1.0,0.1,sample02.functional,functional,-0.07888773198864256
SIWKL,41,1.0,0.1,sample03.functional,functional,-0.07753883419436283
SIWKL,41,1.0,0.1,sample04.functional,functional,-0.07623052652278026
SIWKL,41,1.0,0.1,sample05.functional,functional,-0.09110300147414756
SIWKL,41,1.0,0.1,sample06.pathological,pathological,0.2125821481784997
SIWKL,41,1.0,0.1,sample07.pathological,pathological,0.21632714035286543
SIWKL,41,1.0,0.1,sample08.pathological,pathological,0.21734923134850243
SIWKL,41,1.0,0.1,sample09.pathological,pathological,0.22642376398048644
SIWKL,41,1.0,0.1,sample10.pathological,pathological,0.22505644654302656
SIWKL,41,1.0,0.01,sample01.functional,functional,-0.08405244603282468
SIWKL,41,1.0,0.01,sample02.functional,functional,-0.07885975063370032
SIWKL,41,1.0,0.01,sample03.functional,functional,-0.07752588360805143
SIWKL,41,1.0,0.01,sample04.functional,functional,-0.07621238730140208
SIWKL,41,1.0,0.01,sample05.functional,functional,-0.09105047365538313
SIWKL,41,1.0,0.01,sample06.pathological,pathological,0.21223896355685426
SIWKL,41,1.0,0.01,sample07.pathological,pathological,0.21597083487744675
SIWKL,41,1.0,0.01,sample08.pathological,pathological,0.2169789541813792
SIWKL,41,1.0,0.01,sample09.pathological,pathological,0.2260370927854149
SIWKL,41,1.0,0.01,sample10.pathological,pathological,0.22468429949750032
SIWKL,41,1.0,0.001,sample01.functional,functional,-0.08404794449564823
SIWKL,41,1.0,0.001,sample02.functional,functional,-0.07885693423734147
SIWKL,41,1.0,0.001,sample03.functional,functional,-0.0775246496266686
SIWKL,41,1.0,0.001,sample04.functional,functional,-0.07621060678446856
SIWKL,41,1.0,0.001,sample05.functional,functional,-0.09104505823342537
SIWKL,41,1.0,0.001,sample06.pathological,pathological,0.21220291660875787
SIWKL,41,1.0,0.001,sample07.pathological,pathological,0.2159333891099772
SIWKL,41,1.0,0.001,sample08.pathological,pathological,0.21694003632133635
SIWKL,41,1.0,0.001,sample09.pathological,pathological,0.22599645348395964
SIWKL,41,1.0,0.001,sample10.pathological,pathological,0.2246451809921233
SIWKL,41,1.0,0.0001,sample01.functional,functional,-0.08404749319599863
SIWKL,41,1.0,0.0001,sample02.functional,functional,-0.0788566524239123
SIWKL,41,1.0,0.0001,sample03.functional,functional,-0.07752452689956524
SIWKL,41,1.0,0.0001,sample04.functional,functional,-0.07621042910909408
SIWKL,41,1.0,0.0001,sample05.functional,functional,-0.09104451497681766
SIWKL,41,1.0,0.0001,sample06.pathological,pathological,0.21219929352202438
SIWKL,41,1.0,0.0001,sample07.pathological,pathological,0.2159296252145314
SIWKL,41,1.0,0.0001,sample08.pathological,pathological,0.21693612441857196
SIWKL,41,1.0,0.0001,sample09.pathological,pathological,0.22599236856629246
SIWKL,41,1.0,0.0001,sample10.pathological,pathological,0.22464124887901524
SIWKL,41,1.0,1e-06,sample01.functional,functional,-0.08404744354025569
SIWKL,41,1.0,1e-06,sample02.functional,functional,-0.07885662142251769
SIWKL,41,1.0,1e-06,sample03.functional,functional,-0.07752451340710398
SIWKL,41,1.0,1e-06,sample04.functional,functional,-0.07621040956903084
SIWKL,41,1.0,1e-06,sample05.functional,functional,-0.09104445519945693
SIWKL,41,1.0,1e-06,sample06.pathological,pathological,0.21219889477701348
SIWKL,41,1.0,1e-06,sample07.pathological,pathological,0.21592921097020412
SIWKL,41,1.0,1e-06,sample08.pathological,pathological,0.2169356938845234
SIWKL,41,1.0,1e-06,sample09.pathological,pathological,0.2259919189908791
SIWKL,41,1.0,1e-06,sample10.pathological,pathological,0.22464081612019932
SIWKL,41,0.1,1.0,sample01.functional,functional,-0.08356991625301328
SIWKL,41,0.1,1.0,sample02.functional,functional,-0.07833295625005815
SIWKL,41,0.1,1.0,sample03.functional,functional,-0.0773787470625155
SIWKL,41,0.1,1.0,sample04.functional,functional,-0.07598697741077508
SIWKL,41,0.1,1.0,sample05.functional,functional,-0.0906996931574149
SIWKL,41,0.1,1.0,sample06.pathological,pathological,0.21428306486206028
SIWKL,41,0.1,1.0,sample07.pathological,pathological,0.21809518084701873
SIWKL,41,0.1,1.0,sample08.pathological,pathological,0.21919219813673976
SIWKL,41,0.1,1.0,sample09.pathological,pathological,0.2283996578623307
SIWKL,41,0.1,1.0,sample10.pathological,pathological,0.2269473822096938
SIWKL,41,0.1,0.1,sample01.functional,functional,-0.08322770875284177
SIWKL,41,0.1,0.1,sample02.functional,functional,-0.0780926854346079
SIWKL,41,0.1,0.1,sample03.functional,functional,-0.07722872853618519
SIWKL,41,0.1,0.1,sample04.functional,functional,-0.07580482769513845
SIWKL,41,0.1,0.1,sample05.functional,functional,-0.09030170616034736
SIWKL,41,0.1,0.1,sample06.pathological,pathological,0.21194186521522748
SIWKL,41,0.1,0.1,sample07.pathological,pathological,0.21567492788953438
SIWKL,41,0.1,0.1,sample08.pathological,pathological,0.21667880066531167
SIWKL,41,0.1,0.1,sample09.pathological,pathological,0.22577360879060898
SIWKL,41,0.1,0.1,sample10.pathological,pathological,0.22442280804719544
SIWKL,41,0.1,0.01,sample01.functional,functional,-0.08318648175973847
SIWKL,41,0.1,0.01,sample02.functional,functional,-0.0780671722224515
SIWKL,41,0.1,0.01,sample03.functional,functional,-0.07721672915540095
SIWKL,41,0.1,0.01,sample04.functional,functional,-0.07578800382696382
SIWKL,41,0.1,0.01,sample05.functional,functional,-0.09025162368605695
SIWKL,41,0.1,0.01,sample06.pathological,pathological,0.21160045605557148
SIWKL,41,0.1,0.01,sample07.pathological,pathological,0.21532040250578185
SIWKL,41,0.1,0.01,sample08.pathological,pathological,0.21631034087882978
SIWKL,41,0.1,0.01,sample09.pathological,pathological,0.22538865733361388
SIWKL,41,0.1,0.01,sample10.pathological,pathological,0.22405237486939336
SIWKL,41,0.1,0.001,sample01.functional,functional,-0.08318226201277111
SIWKL,41,0.1,0.001,sample02.functional,functional,-0.07806461403641958
SIWKL,41,0.1,0.001,sample03.functional,functional,-0.07721559492858972
SIWKL,41,0.1,0.001,sample04.functional,functional,-0.07578636106791448
SIWKL,41,0.1,0.001,sample05.functional,functional,-0.09024646406488214
SIWKL,41,0.1,0.001,sample06.pathological,pathological,0.21156459464942665
SIWKL,41,0.1,0.001,sample07.pathological,pathological,0.21528314273968843
SIWKL,41,0.1,0.001,sample08.pathological,pathological,0.21627161290539074
SIWKL,41,0.1,0.001,sample09.pathological,pathological,0.22534819769439973
SIWKL,41,0.1,0.001,sample10.pathological,pathological,0.22401343543072455
SIWKL,41,0.1,0.0001,sample01.functional,functional,-0.08318183902382889
SIWKL,41,0.1,0.0001,sample02.functional,functional,-0.07806435816519879
SIWKL,41,0.1,0.0001,sample03.functional,functional,-0.07721548222625198
SIWKL,41,0.1,0.0001,sample04.functional,functional,-0.07578619723451724
SIWKL,41,0.1,0.0001,sample05.functional,functional,-0.09024594650814115
SIWKL,41,0.1,0.0001,sample06.pathological,pathological,0.2115609902019018
SIWKL,41,0.1,0.0001,sample07.pathological,pathological,0.21527939752935354
SIWKL,41,0.1,0.0001,sample08.pathological,pathological,0.21626772007792155
SIWKL,41,0.1,0.0001,sample09.pathological,pathological,0.22534413082469795
SIWKL,41,0.1,0.0001,sample10.pathological,pathological,0.22400952130594057
SIWKL,41,0.1,1e-06,sample01.functional,functional,-0.08318179248373433
SIWKL,41,0.1,1e-06,sample02.functional,functional,-0.07806433001879949
SIWKL,41,0.1,1e-06,sample03.functional,functional,-0.07721546983706573
SIWKL,41,0.1,1e-06,sample04.functional,functional,-0.07578617921781025
SIWKL,41,0.1,1e-06,sample05.functional,functional,-0.09024588955910305
SIWKL,41,0.1,1e-06,sample06.pathological,pathological,0.21156059350815418
SIWKL,41,0.1,1e-06,sample07.pathological,pathological,0.2152789853413384
SIWKL,41,0.1,1e-06,sample08.pathological,pathological,0.21626729164312378
SIWKL,41,0.1,1e-06,sample09.pathological,pathological,0.22534368323547407
SIWKL,41,0.1,1e-06,sample10.pathological,pathological,0.2240090905267528
SIWKL,41,0.01,1.0,sample01.functional,functional,-0.08324649812500444
SIWKL,41,0.01,1.0,sample02.functional,functional,-0.07803904632399539
SIWKL,41,0.01,1.0,sample03.functional,functional,-0.07726185164509808
SIWKL,41,0.01,1.0,sample04.functional,functional,-0.07582766229786911
SIWKL,41,0.01,1.0,sample05.functional,functional,-0.09040200998834891
SIWKL,41,0.01,1.0,sample06.pathological,pathological,0.21404493049799406
SIWKL,41,0.01,1.0,sample07.pathological,pathological,0.21785316634816854
SIWKL,41,0.01,1.0,sample08.pathological,pathological,0.2189436093270626
SIWKL,41,0.01,1.0,sample09.pathological,pathological,0.2281592323298548
SIWKL,41,0.01,1.0,sample10.pathological,pathological,0.22671210774669986
SIWKL,41,0.01,0.1,sample01.functional,functional,-0.08291122864779164
SIWKL,41,0.01,0.1,sample02.functional,functional,-0.0778050872116481
SIWKL,41,0.01,0.1,sample03.functional,functional,-0.07711426166185921
SIWKL,41,0.01,0.1,sample04.functional,functional,-0.07564888916333033
SIWKL,41,0.01,0.1,sample05.functional,functional,-0.09001032649125244
SIWKL,41,0.01,0.1,sample06.pathological,pathological,0.21170833587277402
SIWKL,41,0.01,0.1,sample07.pathological,pathological,0.21543753496857984
SIWKL,41,0.01,0.1,sample08.pathological,pathological,0.21643493225817467
SIWKL,41,0.01,0.1,sample09.pathological,pathological,0.2255376542025314
SIWKL,41,0.01,0.1,sample10.pathological,pathological,0.224191986530643
SIWKL,41,0.01,0.01,sample01.functional,functional,-0.08287097868563206
SIWKL,41,0.01,0.01,sample02.functional,functional,-0.0777804644099689
SIWKL,41,0.01,0.01,sample03.functional,functional,-0.07710261161263708
SIWKL,41,0.01,0.01,sample04.functional,functional,-0.07563254551126733
SIWKL,41,0.01,0.01,sample05.functional,functional,-0.08996113244251323
SIWKL,41,0.01,0.01,sample06.pathological,pathological,0.21136757018118213
SIWKL,41,0.01,0.01,sample07.pathological,pathological,0.21508365468841384
SIWKL,41,0.01,0.01,sample08.pathological,pathological,0.21606713105037312
SIWKL,41,0.01,0.01,sample09.pathological,pathological,0.22515332589123488
SIWKL,41,0.01,0.01,sample10.pathological,pathological,0.2238221744675539
SIWKL,41,0.01,0.001,sample01.functional,functional,-0.08286686115201891
SIWKL,41,0.01,0.001,sample02.functional,functional,-0.07777799939565577
SIWKL,41,0.01,0.001,sample03.functional,functional,-0.07710151402658616
SIWKL,41,0.01,0.001,sample04.functional,functional,-0.07563095305242552
SIWKL,41,0.01,0.001,sample05.functional,functional,-0.08995606577339117
SIWKL,41,0.01,0.001,sample06.pathological,pathological,0.21133177603292524
SIWKL,41,0.01,0.001,sample07.pathological,pathological,0.21504646234250796
SIWKL,41,0.01,0.001,sample08.pathological,pathological,0.21602847190142713
SIWKL,41,0.01,0.001,sample09.pathological,pathological,0.22511293136588537
SIWKL,41,0.01,0.001,sample10.pathological,pathological,0.22378329993669724
SIWKL,41,0.01,0.0001,sample01.functional,functional,-0.08286644843236791
SIWKL,41,0.01,0.0001,sample02.functional,functional,-0.07777775288552974
SIWKL,41,0.01,0.0001,sample03.functional,functional,-0.07710140500649416
SIWKL,41,0.01,0.0001,sample04.functional,functional,-0.07563079427328648
SIWKL,41,0.01,0.0001,sample05.functional,functional,-0.08995555755554985
SIWKL,41,0.01,0.0001,sample06.pathological,pathological,0.2113281783421418
SIWKL,41,0.01,0.0001,sample07.pathological,pathological,0.21504272390512985
SIWKL,41,0.01,0.0001,sample08.pathological,pathological,0.2160245859879494
SIWKL,41,0.01,0.0001,sample09.pathological,pathological,0.2251088710373324
SIWKL,41,0.01,0.0001,sample10.pathological,pathological,0.22377939233242636
SIWKL,41,0.01,1e-06,sample01.functional,functional,-0.08286640302243174
SIWKL,41,0.01,1e-06,sample02.functional,functional,-0.07777772576934204
SIWKL,41,0.01,1e-06,sample03.functional,functional,-0.07710139302255815
SIWKL,41,0.01,1e-06,sample04.functional,functional,-0.07563077681281906
SIWKL,41,0.01,1e-06,sample05.functional,functional,-0.08995550163427858
SIWKL,41,0.01,1e-06,sample06.pathological,pathological,0.21132778239198113
SIWKL,41,0.01,1e-06,sample07.pathological,pathological,0.21504231246248515
SIWKL,41,0.01,1e-06,sample08.pathological,pathological,0.2160241583140424
SIWKL,41,0.01,1e-06,sample09.pathological,pathological,0.22510842416796722
SIWKL,41,0.01,1e-06,sample10.pathological,pathological,0.22377896227082691
SIWKL,41,0.001,1.0,sample01.functional,functional,-0.08311630120802349
SIWKL,41,0.001,1.0,sample02.functional,functional,-0.07792102507754578
SIWKL,41,0.001,1.0,sample03.functional,functional,-0.0772145733226873
SIWKL,41,0.001,1.0,sample04.functional,functional,-0.07576339736998125
SIWKL,41,0.001,1.0,sample05.functional,functional,-0.09028246114793202
SIWKL,41,0.001,1.0,sample06.pathological,pathological,0.21394895130566682
SIWKL,41,0.001,1.0,sample07.pathological,pathological,0.2177558151130152
SIWKL,41,0.001,1.0,sample08.pathological,pathological,0.21884367604889207
SIWKL,41,0.001,1.0,sample09.pathological,pathological,0.22806279011122554
SIWKL,41,0.001,1.0,sample10.pathological,pathological,0.226617392816145
SIWKL,41,0.001,0.1,sample01.functional,functional,-0.08278382022423503
SIWKL,41,0.001,0.1,sample02.functional,functional,-0.07768959988334692
SIWKL,41,0.001,0.1,sample03.functional,functional,-0.07706796300477396
SIWKL,41,0.001,0.1,sample04.functional,functional,-0.07558598383134975
SIWKL,41,0.001,0.1,sample05.functional,functional,-0.08989331074617446
SIWKL,41,0.001,0.1,sample06.pathological,pathological,0.21161420529589825
SIWKL,41,0.001,0.1,sample07.pathological,pathological,0.21534204037216625
SIWKL,41,0.001,0.1,sample08.pathological,pathological,0.21633689555935637
SIWKL,41,0.001,0.1,sample09.pathological,pathological,0.22544300993238245
SIWKL,41,0.001,0.1,sample10.pathological,pathological,0.22409906010290484
SIWKL,41,0.001,0.01,sample01.functional,functional,-0.08274396304782967
SIWKL,41,0.001,0.01,sample02.functional,functional,-0.07766533465576761
SIWKL,41,0.001,0.01,sample03.functional,functional,-0.07705645390098961
SIWKL,41,0.001,0.01,sample04.functional,functional,-0.07556983357842068
SIWKL,41,0.001,0.01,sample05.functional,functional,-0.08984447380338116
SIWKL,41,0.001,0.01,sample06.pathological,pathological,0.21127369798052711
SIWKL,41,0.001,0.01,sample07.pathological,pathological,0.21498841932275348
SIWKL,41,0.001,0.01,sample08.pathological,pathological,0.21596935903102185
SIWKL,41,0.001,0.01,sample09.pathological,pathological,0.2250589322909768
SIWKL,41,0.001,0.01,sample10.pathological,pathological,0.22372949757613375
SIWKL,41,0.001,0.001,sample01.functional,functional,-0.08273988660723322
SIWKL,41,0.001,0.001,sample02.functional,functional,-0.07766290705895548
SIWKL,41,0.001,0.001,sample03.functional,functional,-0.07705537109874414
SIWKL,41,0.001,0.001,sample04.functional,functional,-0.07556826137760059
SIWKL,41,0.001,0.001,sample05.functional,functional,-0.08983944449772219
SIWKL,41,0.001,0.001,sample06.pathological,pathological,0.21123793083959502
SIWKL,41,0.001,0.001,sample07.pathological,pathological,0.21495125407008442
SIWKL,41,0.001,0.001,sample08.pathological,pathological,0.21593072754318243
SIWKL,41,0.001,0.001,sample09.pathological,pathological,0.2250185639596099
SIWKL,41,0.001,0.001,sample10.pathological,pathological,0.22369064912318817
SIWKL,41,0.001,0.0001,sample01.functional,functional,-0.08273947801617663
SIWKL,41,0.001,0.0001,sample02.functional,functional,-0.07766266430823167
SIWKL,41,0.001,0.0001,sample03.functional,functional,-0.07705526356436695
SIWKL,41,0.001,0.0001,sample04.functional,functional,-0.07556810463402942
SIWKL,41,0.001,0.0001,sample05.functional,functional,-0.08983894003380134
SIWKL,41,0.001,0.0001,sample06.pathological,pathological,0.2112343358619809
SIWKL,41,0.001,0.0001,sample07.pathological,pathological,0.21494751835447135
SIWKL,41,0.001,0.0001,sample08.pathological,pathological,0.215926844408501
SIWKL,41,0.001,0.0001,sample09.pathological,pathological,0.22501450626243713
SIWKL,41,0.001,0.0001,sample10.pathological,pathological,0.22368674413866216
SIWKL,41,0.001,1e-06,sample01.functional,functional,-0.08273943306060144
SIWKL,41,0.001,1e-06,sample02.functional,functional,-0.0776626376057754
SIWKL,41,0.001,1e-06,sample03.functional,functional,-0.07705525174394183
SIWKL,41,0.001,1e-06,sample04.functional,functional,-0.07556808739758335
SIWKL,41,0.001,1e-06,sample05.functional,functional,-0.08983888452565797
SIWKL,41,0.001,1e-06,sample06.pathological,pathological,0.2112339402104079
SIWKL,41,0.001,1e-06,sample07.pathological,pathological,0.21494710721135993
SIWKL,41,0.001,1e-06,sample08.pathological,pathological,0.21592641704040327
SIWKL,41,0.001,1e-06,sample09.pathological,pathological,0.2250140596826578
SIWKL,41,0.001,1e-06,sample10.pathological,pathological,0.22368631436536804
SIWKL,41,0.0001,1.0,sample01.functional,functional,-0.0830497093734159
SIWKL,41,0.0001,1.0,sample02.functional,functional,-0.07786069644070502
SIWKL,41,0.0001,1.0,sample03.functional,functional,-0.07719036216279869
SIWKL,41,0.0001,1.0,sample04.functional,functional,-0.07573050698235041
SIWKL,41,0.0001,1.0,sample05.functional,functional,-0.09022136018611929
SIWKL,41,0.0001,1.0,sample06.pathological,pathological,0.21389984318182298
SIWKL,41,0.0001,1.0,sample07.pathological,pathological,0.2177060349255723
SIWKL,41,0.0001,1.0,sample08.pathological,pathological,0.2187925852453114
SIWKL,41,0.0001,1.0,sample09.pathological,pathological,0.22801351700321715
SIWKL,41,0.0001,1.0,sample10.pathological,pathological,0.2265689490091155
SIWKL,41,0.0001,0.1,sample01.functional,functional,-0.08271865425847358
SIWKL,41,0.0001,0.1,sample02.functional,functional,-0.07763056672656367
SIWKL,41,0.0001,0.1,sample03.functional,functional,-0.07704425330935348
SIWKL,41,0.0001,0.1,sample04.functional,functional,-0.07555378909983106
SIWKL,41,0.0001,0.1,sample05.functional,functional,-0.08983350494559476
SIWKL,41,0.0001,0.1,sample06.pathological,pathological,0.21156604204909493
SIWKL,41,0.0001,0.1,sample07.pathological,pathological,0.21529320942361313
SIWKL,41,0.0001,0.1,sample08.pathological,pathological,0.21628677446762748
SIWKL,41,0.0001,0.1,sample09.pathological,pathological,0.22539465640150358
SIWKL,41,0.0001,0.1,sample10.pathological,pathological,0.224051530624147
SIWKL,41,0.0001,0.01,sample01.functional,functional,-0.08267899793598103
SIWKL,41,0.0001,0.01,sample02.functional,functional,-0.07760648431763349
SIWKL,41,0.0001,0.01,sample03.functional,functional,-0.0770328163524496
SIWKL,41,0.0001,0.01,sample04.functional,functional,-0.07553773780403375
SIWKL,41,0.0001,0.01,sample05.functional,functional,-0.08978485059481305
SIWKL,41,0.0001,0.01,sample06.pathological,pathological,0.21122566680045923
SIWKL,41,0.0001,0.01,sample07.pathological,pathological,0.21493972091505273
SIWKL,41,0.0001,0.01,sample08.pathological,pathological,0.2159193732733937
SIWKL,41,0.0001,0.01,sample09.pathological,pathological,0.2250107069732526
SIWKL,41,0.0001,0.01,sample10.pathological,pathological,0.22368209567106845
SIWKL,41,0.0001,0.001,sample01.functional,functional,-0.08267494250868426
SIWKL,41,0.0001,0.001,sample02.functional,functional,-0.07760407585152948
SIWKL,41,0.0001,0.001,sample03.functional,functional,-0.07703174111771548
SIWKL,41,0.0001,0.001,sample04.functional,functional,-0.07553617596871623
SIWKL,41,0.0001,0.001,sample05.functional,functional,-0.08977984039354399
SIWKL,41,0.0001,0.001,sample06.pathological,pathological,0.21118991346412777
SIWKL,41,0.0001,0.001,sample07.pathological,pathological,0.21490256951480952
SIWKL,41,0.0001,0.001,sample08.pathological,pathological,0.21588075592909914
SIWKL,41,0.0001,0.001,sample09.pathological,pathological,0.22497035203970528
SIWKL,41,0.0001,0.001,sample10.pathological,pathological,0.22364326055032394
SIWKL,41,0.0001,0.0001,sample01.functional,functional,-0.08267453602882323
SIWKL,41,0.0001,0.0001,sample02.functional,functional,-0.0776038350229027
SIWKL,41,0.0001,0.0001,sample03.functional,functional,-0.07703163434384327
SIWKL,41,0.0001,0.0001,sample04.functional,functional,-0.07553602026669223
SIWKL,41,0.0001,0.0001,sample05.functional,functional,-0.0897793378490485
SIWKL,41,0.0001,0.0001,sample06.pathological,pathological,0.21118631987333142
SIWKL,41,0.0001,0.0001,sample07.pathological,pathological,0.2148988351908011
SIWKL,41,0.0001,0.0001,sample08.pathological,pathological,0.2158768742152598
SIWKL,41,0.0001,0.0001,sample09.pathological,pathological,0.22496629568844453
SIWKL,41,0.0001,0.0001,sample10.pathological,pathological,0.22363935690512995
SIWKL,41,0.0001,1e-06,sample01.functional,functional,-0.08267449130559014
SIWKL,41,0.0001,1e-06,sample02.functional,functional,-0.07760380853197803
SIWKL,41,0.0001,1e-06,sample03.functional,functional,-0.0770316226071158
SIWKL,41,0.0001,1e-06,sample04.functional,functional,-0.0755360031448725
SIWKL,41,0.0001,1e-06,sample05.functional,functional,-0.08977928255214301
SIWKL,41,0.0001,1e-06,sample06.pathological,pathological,0.2111859243743794
SIWKL,41,0.0001,1e-06,sample07.pathological,pathological,0.2148984242008371
SIWKL,41,0.0001,1e-06,sample08.pathological,pathological,0.21587644700352676
SIWKL,41,0.0001,1e-06,sample09.pathological,pathological,0.2249658492567836
SIWKL,41,0.0001,1e-06,sample10.pathological,pathological,0.22363892727923054
SIWKL,41,1e-06,1.0,sample01.functional,functional,-0.08298291550147673
SIWKL,41,1e-06,1.0,sample02.functional,functional,-0.07780019055474716
SIWKL,41,1e-06,1.0,sample03.functional,functional,-0.07716606794421753
SIWKL,41,1e-06,1.0,sample04.functional,functional,-0.07569750852496686
SIWKL,41,1e-06,1.0,sample05.functional,functional,-0.09016008275427603
SIWKL,41,1e-06,1.0,sample06.pathological,pathological,0.21385058284478073
SIWKL,41,1e-06,1.0,sample07.pathological,pathological,0.21765610696191012
SIWKL,41,1e-06,1.0,sample08.pathological,pathological,0.218741344790228
SIWKL,41,1e-06,1.0,sample09.pathological,pathological,0.22796410692643396
SIWKL,41,1e-06,1.0,sample10.pathological,pathological,0.22652035888344377
SIWKL,41,1e-06,0.1,sample01.functional,functional,-0.08265329065965582
SIWKL,41,1e-06,0.1,sample02.functional,functional,-0.07757136034739275
SIWKL,41,1e-06,0.1,sample03.functional,functional,-0.07702046236136992
SIWKL,41,1e-06,0.1,sample04.functional,functional,-0.07552148870407968
SIWKL,41,1e-06,0.1,sample05.functional,functional,-0.08977352668693794
SIWKL,41,1e-06,0.1,sample06.pathological,pathological,0.21151772940218908
SIWKL,41,1e-06,0.1,sample07.pathological,pathological,0.21524423358959827
SIWKL,41,1e-06,0.1,sample08.pathological,pathological,0.21623650669553263
SIWKL,41,1e-06,0.1,sample09.pathological,pathological,0.22534616878472583
SIWKL,41,1e-06,0.1,sample10.pathological,pathological,0.22400385759184405
SIWKL,41,1e-06,0.01,sample01.functional,functional,-0.08261383581179274
SIWKL,41,1e-06,0.01,sample02.functional,functional,-0.07754746132555149
SIWKL,41,1e-06,0.01,sample03.functional,functional,-0.07700909781027811
SIWKL,41,1e-06,0.01,sample04.functional,functional,-0.07550553670696385
SIWKL,41,1e-06,0.01,sample05.functional,functional,-0.08972505549370335
SIWKL,41,1e-06,0.01,sample06.pathological,pathological,0.21117748661358707
SIWKL,41,1e-06,0.01,sample07.pathological,pathological,0.21489087802583975
SIWKL,41,1e-06,0.01,sample08.pathological,pathological,0.21586924125038848
SIWKL,41,1e-06,0.01,sample09.pathological,pathological,0.22496234797217743
SIWKL,41,1e-06,0.01,sample10.pathological,pathological,0.22363455059855702
SIWKL,41,1e-06,0.001,sample01.functional,functional,-0.08260980146273518
SIWKL,41,1e-06,0.001,sample02.functional,functional,-0.0775450720496397
SIWKL,41,1e-06,0.001,sample03.functional,functional,-0.07700803017020054
SIWKL,41,1e-06,0.001,sample04.functional,functional,-0.07550398527291516
SIWKL,41,1e-06,0.001,sample05.functional,functional,-0.08972006445599325
SIWKL,41,1e-06,0.001,sample06.pathological,pathological,0.2111417471229674
SIWKL,41,1e-06,0.001,sample07.pathological,pathological,0.2148537405202442
SIWKL,41,1e-06,0.001,sample08.pathological,pathological,0.21583063809301167
SIWKL,41,1e-06,0.001,sample09.pathological,pathological,0.22492200647852112
SIWKL,41,1e-06,0.001,sample10.pathological,pathological,0.22359572885036624
SIWKL,41,1e-06,0.0001,sample01.functional,functional,-0.08260939710059528
SIWKL,41,1e-06,0.0001,sample02.functional,functional,-0.07754483314908665
SIWKL,41,1e-06,0.0001,sample03.functional,functional,-0.07700792415956177
SIWKL,41,1e-06,0.0001,sample04.functional,functional,-0.07550383061603265
SIWKL,41,1e-06,0.0001,sample05.functional,functional,-0.08971956383686802
SIWKL,41,1e-06,0.0001,sample06.pathological,pathological,0.21113815492311885
SIWKL,41,1e-06,0.0001,sample07.pathological,pathological,0.21485000759208206
SIWKL,41,1e-06,0.0001,sample08.pathological,pathological,0.215826757804371
SIWKL,41,1e-06,0.0001,sample09.pathological,pathological,0.22491795147739788
SIWKL,41,1e-06,0.0001,sample10.pathological,pathological,0.22359182654855786
SIWKL,41,1e-06,1e-06,sample01.functional,functional,-0.08260935261042186
SIWKL,41,1e-06,1e-06,sample02.functional,functional,-0.07754480687035087
SIWKL,41,1e-06,1e-06,sample03.functional,functional,-0.07700791250683185
SIWKL,41,1e-06,1e-06,sample04.functional,functional,-0.07550381360923458
SIWKL,41,1e-06,1e-06,sample05.functional,functional,-0.08971950875185324
SIWKL,41,1e-06,1e-06,sample06.pathological,pathological,0.21113775957724248
SIWKL,41,1e-06,1e-06,sample07.pathological,pathological,0.21484959675573254
SIWKL,41,1e-06,1e-06,sample08.pathological,pathological,0.2158263307494827
SIWKL,41,1e-06,1e-06,sample09.pathological,pathological,0.2249175051943208
SIWKL,41,1e-06,1e-06,sample10.pathological,pathological,0.2235913970704993
SIWKL,51,1.0,1.0,sample01.functional,functional,-0.09152504682533463
SIWKL,51,1.0,1.0,sample02.functional,functional,-0.08572696068020434
SIWKL,51,1.0,1.0,sample03.functional,functional,-0.08269143462652281
SIWKL,51,1.0,1.0,sample04.functional,functional,-0.0821150784739905
SIWKL,51,1.0,1.0,sample05.functional,functional,-0.09874018393262816
SIWKL,51,1.0,1.0,sample06.pathological,pathological,0.23086378324475046
SIWKL,51,1.0,1.0,sample07.pathological,pathological,0.2341877983827132
SIWKL,51,1.0,1.0,sample08.pathological,pathological,0.23670830754751418
SIWKL,51,1.0,1.0,sample09.pathological,pathological,0.24452263846808692
SIWKL,51,1.0,1.0,sample10.pathological,pathological,0.24365933785931154
SIWKL,51,1.0,0.1,sample01.functional,functional,-0.0911675597164888
SIWKL,51,1.0,0.1,sample02.functional,functional,-0.08546712823270959
SIWKL,51,1.0,0.1,sample03.functional,functional,-0.08254694847512613
SIWKL,51,1.0,0.1,sample04.functional,functional,-0.0819312169761872
SIWKL,51,1.0,0.1,sample05.functional,functional,-0.09832091613199163
SIWKL,51,1.0,0.1,sample06.pathological,pathological,0.22837549770862964
SIWKL,51,1.0,0.1,sample07.pathological,pathological,0.2316223083471323
SIWKL,51,1.0,0.1,sample08.pathological,pathological,0.23403871584258157
SIWKL,51,1.0,0.1,sample09.pathological,pathological,0.24177185757953293
SIWKL,51,1.0,0.1,sample10.pathological,pathological,0.24099768635510938
SIWKL,51,1.0,0.01,sample01.functional,functional,-0.09112454883429774
SIWKL,51,1.0,0.01,sample02.functional,functional,-0.08543925878945262
SIWKL,51,1.0,0.01,sample03.functional,functional,-0.08253637271669449
SIWKL,51,1.0,0.01,sample04.functional,functional,-0.08191470005319909
SIWKL,51,1.0,0.01,sample05.functional,functional,-0.09826817970588027
SIWKL,51,1.0,0.01,sample06.pathological,pathological,0.2280122452935758
SIWKL,51,1.0,0.01,sample07.pathological,pathological,0.23124619776663252
SIWKL,51,1.0,0.01,sample08.pathological,pathological,0.23364701414692313
SIWKL,51,1.0,0.01,sample09.pathological,pathological,0.24136851357191372
SIWKL,51,1.0,0.01,sample10.pathological,pathological,0.24060672448041223
SIWKL,51,1.0,0.001,sample01.functional,functional,-0.09112014758755974
SIWKL,51,1.0,0.001,sample02.functional,functional,-0.08543645967448973
SIWKL,51,1.0,0.001,sample03.functional,functional,-0.08253539607466343
SIWKL,51,1.0,0.001,sample04.functional,functional,-0.081913096852927
SIWKL,51,1.0,0.001,sample05.functional,functional,-0.09826274730049467
SIWKL,51,1.0,0.001,sample06.pathological,pathological,0.22797408453704804
SIWKL,51,1.0,0.001,sample07.pathological,pathological,0.23120666556444508
SIWKL,51,1.0,0.001,sample08.pathological,pathological,0.23360583899423593
SIWKL,51,1.0,0.001,sample09.pathological,pathological,0.24132611955054514
SIWKL,51,1.0,0.001,sample10.pathological,pathological,0.24056562188407016
SIWKL,51,1.0,0.0001,sample01.functional,functional,-0.09111970641676541
SIWKL,51,1.0,0.0001,sample02.functional,functional,-0.08543617965529032
SIWKL,51,1.0,0.0001,sample03.functional,functional,-0.08253529929432901
SIWKL,51,1.0,0.0001,sample04.functional,functional,-0.08191293707120097
SIWKL,51,1.0,0.0001,sample05.functional,functional,-0.09826220238801246
SIWKL,51,1.0,0.0001,sample06.pathological,pathological,0.2279702489298379
SIWKL,51,1.0,0.0001,sample07.pathological,pathological,0.23120269189756093
SIWKL,51,1.0,0.0001,sample08.pathological,pathological,0.2336017001392907
SIWKL,51,1.0,0.0001,sample09.pathological,pathological,0.2413218582302211
SIWKL,51,1.0,0.0001,sample10.pathological,pathological,0.2405614902689167
SIWKL,51,1.0,1e-06,sample01.functional,functional,-0.09111965787631318
SIWKL,51,1.0,1e-06,sample02.functional,functional,-0.08543614885199974
SIWKL,51,1.0,1e-06,sample03.functional,functional,-0.08253528865839246
SIWKL,51,1.0,1e-06,sample04.functional,functional,-0.08191291950125014
SIWKL,51,1.0,1e-06,sample05.functional,functional,-0.09826214242898042
SIWKL,51,1.0,1e-06,sample06.pathological,pathological,0.22796982679484226
SIWKL,51,1.0,1e-06,sample07.pathological,pathological,0.23120225456577287
SIWKL,51,1.0,1e-06,sample08.pathological,pathological,0.23360124462683943
SIWKL,51,1.0,1e-06,sample09.pathological,pathological,0.24132138924011817
SIWKL,51,1.0,1e-06,sample10.pathological,pathological,0.2405610355526641
SIWKL,51,0.1,1.0,sample01.functional,functional,-0.09129553893332547
SIWKL,51,0.1,1.0,sample02.functional,functional,-0.085492326240979
SIWKL,51,0.1,1.0,sample03.functional,functional,-0.0825548193234999
SIWKL,51,0.1,1.0,sample04.functional,functional,-0.08209553230028686
SIWKL,51,0.1,1.0,sample05.functional,functional,-0.09851704214813443
SIWKL,51,0.1,1.0,sample06.pathological,pathological,0.23069761522463922
SIWKL,51,0.1,1.0,sample07.pathological,pathological,0.2340153691729522
SIWKL,51,0.1,1.0,sample08.pathological,pathological,0.23653124284400043
SIWKL,51,0.1,1.0,sample09.pathological,pathological,0.24434888444482802
SIWKL,51,0.1,1.0,sample10.pathological,pathological,0.24349402322932107
SIWKL,51,0.1,0.1,sample01.functional,functional,-0.09094277092605182
SIWKL,51,0.1,0.1,sample02.functional,functional,-0.08523733250444103
SIWKL,51,0.1,0.1,sample03.functional,functional,-0.08241320935705432
SIWKL,51,0.1,0.1,sample04.functional,functional,-0.08191191877053078
SIWKL,51,0.1,0.1,sample05.functional,functional,-0.09810229374218389
SIWKL,51,0.1,0.1,sample06.pathological,pathological,0.2282124643398689
SIWKL,51,0.1,0.1,sample07.pathological,pathological,0.23145298150174126
SIWKL,51,0.1,0.1,sample08.pathological,pathological,0.23386478612613298
SIWKL,51,0.1,0.1,sample09.pathological,pathological,0.2416010037666034
SIWKL,51,0.1,0.1,sample10.pathological,pathological,0.24083535475564363
SIWKL,51,0.1,0.01,sample01.functional,functional,-0.09090043338840477
SIWKL,51,0.1,0.01,sample02.functional,functional,-0.08521015367238445
SIWKL,51,0.1,0.01,sample03.functional,functional,-0.08240304526811953
SIWKL,51,0.1,0.01,sample04.functional,functional,-0.0818954467156277
SIWKL,51,0.1,0.01,sample05.functional,functional,-0.09805020236372579
SIWKL,51,0.1,0.01,sample06.pathological,pathological,0.22784965597403783
SIWKL,51,0.1,0.01,sample07.pathological,pathological,0.23107730991099285
SIWKL,51,0.1,0.01,sample08.pathological,pathological,0.23347352781580136
SIWKL,51,0.1,0.01,sample09.pathological,pathological,0.24119806961539247
SIWKL,51,0.1,0.01,sample10.pathological,pathological,0.24044481470476395
SIWKL,51,0.1,0.001,sample01.functional,functional,-0.0908961026919109
SIWKL,51,0.1,0.001,sample02.functional,functional,-0.08520742691900957
SIWKL,51,0.1,0.001,sample03.functional,functional,-0.08240211177690233
SIWKL,51,0.1,0.001,sample04.functional,functional,-0.08189384833712854
SIWKL,51,0.1,0.001,sample05.functional,functional,-0.09804483754516291
SIWKL,51,0.1,0.001,sample06.pathological,pathological,0.22781154170576007
SIWKL,51,0.1,0.001,sample07.pathological,pathological,0.23103782366137954
SIWKL,51,0.1,0.001,sample08.pathological,pathological,0.23343239907315746
SIWKL,51,0.1,0.001,sample09.pathological,pathological,0.2411557184909278
SIWKL,51,0.1,0.001,sample10.pathological,pathological,0.24040375626083288
SIWKL,51,0.1,0.0001,sample01.functional,functional,-0.09089566861034251
SIWKL,51,0.1,0.0001,sample02.functional,functional,-0.08520715417107119
SIWKL,51,0.1,0.0001,sample03.functional,functional,-0.08240201933275298
SIWKL,51,0.1,0.0001,sample04.functional,functional,-0.08189368904115887
SIWKL,51,0.1,0.0001,sample05.functional,functional,-0.09804429942414147
SIWKL,51,0.1,0.0001,sample06.pathological,pathological,0.22780771076953268
SIWKL,51,0.1,0.0001,sample07.pathological,pathological,0.23103385461159398
SIWKL,51,0.1,0.0001,sample08.pathological,pathological,0.23342826488124846
SIWKL,51,0.1,0.0001,sample09.pathological,pathological,0.24115146148062158
SIWKL,51,0.1,0.0001,sample10.pathological,pathological,0.24039962908187246
SIWKL,51,0.1,1e-06,sample01.functional,functional,-0.09089562085008723
SIWKL,51,0.1,1e-06,sample02.functional,functional,-0.08520712416801113
SIWKL,51,0.1,1e-06,sample03.functional,functional,-0.08240200917403206
SIWKL,51,0.1,1e-06,sample04.functional,functional,-0.0818936715246816
SIWKL,51,0.1,1e-06,sample05.functional,functional,-0.09804424021253631
SIWKL,51,0.1,1e-06,sample06.pathological,pathological,0.22780728914859316
SIWKL,51,0.1,1e-06,sample07.pathological,pathological,0.23103341778793107
SIWKL,51,0.1,1e-06,sample08.pathological,pathological,0.23342780988197667
SIWKL,51,0.1,1e-06,sample09.pathological,pathological,0.2411509929648478
SIWKL,51,0.1,1e-06,sample10.pathological,pathological,0.2403991748538358
SIWKL,51,0.01,1.0,sample01.functional,functional,-0.09120772930535027
SIWKL,51,0.01,1.0,sample02.functional,functional,-0.08540319451794114
SIWKL,51,0.01,1.0,sample03.functional,functional,-0.08250191796090349
SIWKL,51,0.01,1.0,sample04.functional,functional,-0.08208804822082391
SIWKL,51,0.01,1.0,sample05.functional,functional,-0.09843261300037
SIWKL,51,0.01,1.0,sample06.pathological,pathological,0.23063371585190864
SIWKL,51,0.01,1.0,sample07.pathological,pathological,0.23394960685589308
SIWKL,51,0.01,1.0,sample08.pathological,pathological,0.2364638906631062
SIWKL,51,0.01,1.0,sample09.pathological,pathological,0.24428337235365077
SIWKL,51,0.01,1.0,sample10.pathological,pathological,0.24343076434224403
SIWKL,51,0.01,0.1,sample01.functional,functional,-0.09085675618130196
SIWKL,51,0.01,0.1,sample02.functional,functional,-0.08515004316093949
SIWKL,51,0.01,0.1,sample03.functional,functional,-0.08236141249537424
SIWKL,51,0.01,0.1,sample04.functional,functional,-0.08190451927158966
SIWKL,51,0.01,0.1,sample05.functional,functional,-0.09801958587757975
SIWKL,51,0.01,0.1,sample06.pathological,pathological,0.22814975657371192
SIWKL,51,0.01,0.1,sample07.pathological,pathological,0.2313883989226342
SIWKL,51,0.01,0.1,sample08.pathological,pathological,0.23379862573250093
SIWKL,51,0.01,0.1,sample09.pathological,pathological,0.24153659516938733
SIWKL,51,0.01,0.1,sample10.pathological,pathological,0.24077323038204348
SIWKL,51,0.01,0.01,sample01.functional,functional,-0.0908146747909672
SIWKL,51,0.01,0.01,sample02.functional,functional,-0.0851231273218321
SIWKL,51,0.01,0.01,sample03.functional,functional,-0.08235140646740287
SIWKL,51,0.01,0.01,sample04.functional,functional,-0.08188806296459578
SIWKL,51,0.01,0.01,sample05.functional,functional,-0.09796774020304042
SIWKL,51,0.01,0.01,sample06.pathological,pathological,0.22778711702447235
SIWKL,51,0.01,0.01,sample07.pathological,pathological,0.23101289429062072
SIWKL,51,0.01,0.01,sample08.pathological,pathological,0.23340753600206451
SIWKL,51,0.01,0.01,sample09.pathological,pathological,0.24113381699868913
SIWKL,51,0.01,0.01,sample10.pathological,pathological,0.24038285078320293
SIWKL,51,0.01,0.001,sample01.functional,functional,-0.09081037093307882
SIWKL,51,0.01,0.001,sample02.functional,functional,-0.08512042812505913
SIWKL,51,0.01,0.001,sample03.functional,functional,-0.08235048954366428
SIWKL,51,0.01,0.001,sample04.functional,functional,-0.08188646628289362
SIWKL,51,0.01,0.001,sample05.functional,functional,-0.09796240112916267
SIWKL,51,0.01,0.001,sample06.pathological,pathological,0.22774902043007772
SIWKL,51,0.01,0.001,sample07.pathological,pathological,0.23097342551821481
SIWKL,51,0.01,0.001,sample08.pathological,pathological,0.23336642490532167
SIWKL,51,0.01,0.001,sample09.pathological,pathological,0.24109148220008983
SIWKL,51,0.01,0.001,sample10.pathological,pathological,0.24034180913411748
SIWKL,51,0.01,0.0001,sample01.functional,functional,-0.09080993954838755
SIWKL,51,0.01,0.0001,sample02.functional,functional,-0.08512015814615273
SIWKL,51,0.01,0.0001,sample03.functional,functional,-0.082350398764362
SIWKL,51,0.01,0.0001,sample04.functional,functional,-0.08188630715790786
SIWKL,51,0.01,0.0001,sample05.functional,functional,-0.09796186559509812
SIWKL,51,0.01,0.0001,sample06.pathological,pathological,0.22774519126966467
SIWKL,51,0.01,0.0001,sample07.pathological,pathological,0.23096945822445947
SIWKL,51,0.01,0.0001,sample08.pathological,pathological,0.233362292486382
SIWKL,51,0.01,0.0001,sample09.pathological,pathological,0.24108722683011116
SIWKL,51,0.01,0.0001,sample10.pathological,pathological,0.24033768364261493
SIWKL,51,0.01,1e-06,sample01.functional,functional,-0.09080989208493431
SIWKL,51,0.01,1e-06,sample02.functional,functional,-0.0851201284478359
SIWKL,51,0.01,1e-06,sample03.functional,functional,-0.0823503887888651
SIWKL,51,0.01,1e-06,sample04.functional,functional,-0.08188628966025283
SIWKL,51,0.01,1e-06,sample05.functional,functional,-0.09796180666819752
SIWKL,51,0.01,1e-06,sample06.pathological,pathological,0.22774476984415856
SIWKL,51,0.01,1e-06,sample07.pathological,pathological,0.23096902159405308
SIWKL,51,0.01,1e-06,sample08.pathological,pathological,0.2333618376822308
SIWKL,51,0.01,1e-06,sample09.pathological,pathological,0.2410867584948599
SIWKL,51,0.01,1e-06,sample10.pathological,pathological,0.24033722960028714
SIWKL,51,0.001,1.0,sample01.functional,functional,-0.09117200703913889
SIWKL,51,0.001,1.0,sample02.functional,functional,-0.08536715282451798
SIWKL,51,0.001,1.0,sample03.functional,functional,-0.08248029647817058
SIWKL,51,0.001,1.0,sample04.functional,functional,-0.08208489290032513
SIWKL,51,0.001,1.0,sample05.functional,functional,-0.0983985846981273
SIWKL,51,0.001,1.0,sample06.pathological,pathological,0.23060759815254336
SIWKL,51,0.001,1.0,sample07.pathological,pathological,0.2339229243922092
SIWKL,51,0.001,1.0,sample08.pathological,pathological,0.23643662756842762
SIWKL,51,0.001,1.0,sample09.pathological,pathological,0.24425706579545475
SIWKL,51,0.001,1.0,sample10.pathological,pathological,0.2434050214350685
SIWKL,51,0.001,0.1,sample01.functional,functional,-0.09082176113357598
SIWKL,51,0.001,0.1,sample02.functional,functional,-0.08511474720611412
SIWKL,51,0.001,0.1,sample03.functional,functional,-0.0823402395753681
SIWKL,51,0.001,0.1,sample04.functional,functional,-0.08190139788334709
SIWKL,51,0.001,0.1,sample05.functional,functional,-0.09798625385248384
SIWKL,51,0.001,0.1,sample06.pathological,pathological,0.22812411966697582
SIWKL,51,0.001,0.1,sample07.pathological,pathological,0.23136219391695173
SIWKL,51,0.001,0.1,sample08.pathological,pathological,0.23377184518190847
SIWKL,51,0.001,0.1,sample09.pathological,pathological,0.24151073721670907
SIWKL,51,0.001,0.1,sample10.pathological,pathological,0.24074794622022044
SIWKL,51,0.001,0.01,sample01.functional,functional,-0.09077978352826872
SIWKL,51,0.001,0.01,sample02.functional,functional,-0.08508793782241363
SIWKL,51,0.001,0.01,sample03.functional,functional,-0.0823302977390571
SIWKL,51,0.001,0.01,sample04.functional,functional,-0.08188494791502036
SIWKL,51,0.001,0.01,sample05.functional,functional,-0.09793450756928074
SIWKL,51,0.001,0.01,sample06.pathological,pathological,0.22776154822989597
SIWKL,51,0.001,0.01,sample07.pathological,pathological,0.23098675685609085
SIWKL,51,0.001,0.01,sample08.pathological,pathological,0.23338082370817254
SIWKL,51,0.001,0.01,sample09.pathological,pathological,0.24110802246150276
SIWKL,51,0.001,0.01,sample10.pathological,pathological,0.24035763150090192
SIWKL,51,0.001,0.001,sample01.functional,functional,-0.09077549054481751
SIWKL,51,0.001,0.001,sample02.functional,functional,-0.08508524978017108
SIWKL,51,0.001,0.001,sample03.functional,functional,-0.08232938754369198
SIWKL,51,0.001,0.001,sample04.functional,functional,-0.08188335191649647
SIWKL,51,0.001,0.001,sample05.functional,functional,-0.09792917890957376
SIWKL,51,0.001,0.001,sample06.pathological,pathological,0.2277234587663283
SIWKL,51,0.001,0.001,sample07.pathological,pathological,0.23094729515702475
SIWKL,51,0.001,0.001,sample08.pathological,pathological,0.23333971975612097
SIWKL,51,0.001,0.001,sample09.pathological,pathological,0.24106569430039962
SIWKL,51,0.001,0.001,sample10.pathological,pathological,0.24031659664289254
SIWKL,51,0.001,0.0001,sample01.functional,functional,-0.09077506025284453
SIWKL,51,0.001,0.0001,sample02.functional,functional,-0.08508498092213117
SIWKL,51,0.001,0.0001,sample03.functional,functional,-0.08232929744051608
SIWKL,51,0.001,0.0001,sample04.functional,functional,-0.08188319286035532
SIWKL,51,0.001,0.0001,sample05.functional,functional,-0.09792864442197885
SIWKL,51,0.001,0.0001,sample06.pathological,pathological,0.22771963032239714
SIWKL,51,0.001,0.0001,sample07.pathological,pathological,0.23094332857396682
SIWKL,51,0.001,0.0001,sample08.pathological,pathological,0.23333558805504365
SIWKL,51,0.001,0.0001,sample09.pathological,pathological,0.24106143959731816
SIWKL,51,0.001,0.0001,sample10.pathological,pathological,0.24031247183372154
SIWKL,51,0.001,1e-06,sample01.functional,functional,-0.09077501290964933
SIWKL,51,0.001,1e-06,sample02.functional,functional,-0.08508495134717017
SIWKL,51,0.001,1e-06,sample03.functional,functional,-0.08232928753942978
SIWKL,51,0.001,1e-06,sample04.functional,functional,-0.08188317537027934
SIWKL,51,0.001,1e-06,sample05.functional,functional,-0.09792858561024648
SIWKL,51,0.001,1e-06,sample06.pathological,pathological,0.22771920897574202
SIWKL,51,0.001,1e-06,sample07.pathological,pathological,0.23094289202177465
SIWKL,51,0.001,1e-06,sample08.pathological,pathological,0.23333513332989514
SIWKL,51,0.001,1e-06,sample09.pathological,pathological,0.2410609713354604
SIWKL,51,0.001,1e-06,sample10.pathological,pathological,0.2403120178664859
SIWKL,51,0.0001,1.0,sample01.functional,functional,-0.09115370150378681
SIWKL,51,0.0001,1.0,sample02.functional,functional,-0.08534871706685945
SIWKL,51,0.0001,1.0,sample03.functional,functional,-0.08246920354879818
SIWKL,51,0.0001,1.0,sample04.functional,functional,-0.08208325661517296
SIWKL,51,0.0001,1.0,sample05.functional,functional,-0.09838119593359454
SIWKL,51,0.0001,1.0,sample06.pathological,pathological,0.23059419528393246
SIWKL,51,0.0001,1.0,sample07.pathological,pathological,0.233909262058336
SIWKL,51,0.0001,1.0,sample08.pathological,pathological,0.23642267793366217
SIWKL,51,0.0001,1.0,sample09.pathological,pathological,0.2442436385924293
SIWKL,51,0.0001,1.0,sample10.pathological,pathological,0.24339182835254491
SIWKL,51,0.0001,0.1,sample01.functional,functional,-0.09080382782938366
SIWKL,51,0.0001,0.1,sample02.functional,functional,-0.08509669300200523
SIWKL,51,0.0001,0.1,sample03.functional,functional,-0.08232937636764218
SIWKL,51,0.0001,0.1,sample04.functional,functional,-0.08189977898710392
SIWKL,51,0.0001,0.1,sample05.functional,functional,-0.09796922124672906
SIWKL,51,0.0001,0.1,sample06.pathological,pathological,0.22811096252824978
SIWKL,51,0.0001,0.1,sample07.pathological,pathological,0.23134877587637084
SIWKL,51,0.0001,0.1,sample08.pathological,pathological,0.2337581424861596
SIWKL,51,0.0001,0.1,sample09.pathological,pathological,0.24149753991136136
SIWKL,51,0.0001,0.1,sample10.pathological,pathological,0.24073498777825622
SIWKL,51,0.0001,0.01,sample01.functional,functional,-0.09076190334736495
SIWKL,51,0.0001,0.01,sample02.functional,functional,-0.08506993808609585
SIWKL,51,0.0001,0.01,sample03.functional,functional,-0.08231946740574556
SIWKL,51,0.0001,0.01,sample04.functional,functional,-0.08188333226673848
SIWKL,51,0.0001,0.01,sample05.functional,functional,-0.09791752580410298
SIWKL,51,0.0001,0.01,sample06.pathological,pathological,0.22774842590227135
SIWKL,51,0.0001,0.01,sample07.pathological,pathological,0.23097337338843055
SIWKL,51,0.0001,0.01,sample08.pathological,pathological,0.233367155942211
SIWKL,51,0.0001,0.01,sample09.pathological,pathological,0.24109485765529978
SIWKL,51,0.0001,0.01,sample10.pathological,pathological,0.24034470624354115
SIWKL,51,0.0001,0.001,sample01.functional,functional,-0.09075761593009354
SIWKL,51,0.0001,0.001,sample02.functional,functional,-0.08506725575106178
SIWKL,51,0.0001,0.001,sample03.functional,functional,-0.08231856065617554
SIWKL,51,0.0001,0.001,sample04.functional,functional,-0.08188173661827415
SIWKL,51,0.0001,0.001,sample05.functional,functional,-0.0979122024714452
SIWKL,51,0.0001,0.001,sample06.pathological,pathological,0.22771034008315638
SIWKL,51,0.0001,0.001,sample07.pathological,pathological,0.23093391530845256
SIWKL,51,0.0001,0.001,sample08.pathological,pathological,0.2333260556463933
SIWKL,51,0.0001,0.001,sample09.pathological,pathological,0.24105253289578218
SIWKL,51,0.0001,0.001,sample10.pathological,pathological,0.24030367485903212
SIWKL,51,0.0001,0.0001,sample01.functional,functional,-0.0907571861974387
SIWKL,51,0.0001,0.0001,sample02.functional,functional,-0.08506698746651223
SIWKL,51,0.0001,0.0001,sample03.functional,functional,-0.08231847089926368
SIWKL,51,0.0001,0.0001,sample04.functional,functional,-0.08188157759740872
SIWKL,51,0.0001,0.0001,sample05.functional,functional,-0.0979116685191394
SIWKL,51,0.0001,0.0001,sample06.pathological,pathological,0.22770651200540748
SIWKL,51,0.0001,0.0001,sample07.pathological,pathological,0.23092994908902437
SIWKL,51,0.0001,0.0001,sample08.pathological,pathological,0.23332192431267576
SIWKL,51,0.0001,0.0001,sample09.pathological,pathological,0.24104827853447258
SIWKL,51,0.0001,0.0001,sample10.pathological,pathological,0.2402995503988602
SIWKL,51,0.0001,1e-06,sample01.functional,functional,-0.09075713891579835
SIWKL,51,0.0001,1e-06,sample02.functional,functional,-0.08506695795466633
SIWKL,51,0.0001,1e-06,sample03.functional,functional,-0.08231846103628535
SIWKL,51,0.0001,1e-06,sample04.functional,functional,-0.08188156011121657
SIWKL,51,0.0001,1e-06,sample05.functional,functional,-0.09791160976631771
SIWKL,51,0.0001,1e-06,sample06.pathological,pathological,0.22770609069905184
SIWKL,51,0.0001,1e-06,sample07.pathological,pathological,0.23092951257685052
SIWKL,51,0.0001,1e-06,sample08.pathological,pathological,0.23332146962795575
SIWKL,51,0.0001,1e-06,sample09.pathological,pathological,0.2410478103102277
SIWKL,51,0.0001,1e-06,sample10.pathological,pathological,0.24029909647003317
SIWKL,51,1e-06,1.0,sample01.functional,functional,-0.09113533571209992
SIWKL,51,1e-06,1.0,sample02.functional,functional,-0.08533022795331005
SIWKL,51,1e-06,1.0,sample03.functional,functional,-0.08245807110002365
SIWKL,51,1e-06,1.0,sample04.functional,functional,-0.08208161043860654
SIWKL,51,1e-06,1.0,sample05.functional,functional,-0.09836376055578477
SIWKL,51,1e-06,1.0,sample06.pathological,pathological,0.23058074413292337
SIWKL,51,1e-06,1.0,sample07.pathological,pathological,0.23389555716861074
SIWKL,51,1e-06,1.0,sample08.pathological,pathological,0.2364086870410265
SIWKL,51,1e-06,1.0,sample09.pathological,pathological,0.2442301789576515
SIWKL,51,1e-06,1.0,sample10.pathological,pathological,0.2433785915781045
SIWKL,51,1e-06,0.1,sample01.functional,functional,-0.09078583541304486
SIWKL,51,1e-06,0.1,sample02.functional,functional,-0.08507858657652861
SIWKL,51,1e-06,0.1,sample03.functional,functional,-0.08231847438133871
SIWKL,51,1e-06,0.1,sample04.functional,functional,-0.08189815026591873
SIWKL,51,1e-06,0.1,sample05.functional,functional,-0.0979521430673913
SIWKL,51,1e-06,0.1,sample06.pathological,pathological,0.2280977577764099
SIWKL,51,1e-06,0.1,sample07.pathological,pathological,0.23133531600790833
SIWKL,51,1e-06,0.1,sample08.pathological,pathological,0.23374439927915502
SIWKL,51,1e-06,0.1,sample09.pathological,pathological,0.24148431094455303
SIWKL,51,1e-06,0.1,sample10.pathological,pathological,0.24072198632496733
SIWKL,51,1e-06,0.01,sample01.functional,functional,-0.09074396421761291
SIWKL,51,1e-06,0.01,sample02.functional,functional,-0.08505188629039918
SIWKL,51,1e-06,0.01,sample03.functional,functional,-0.08230859839984982
SIWKL,51,1e-06,0.01,sample04.functional,functional,-0.08188170680545896
SIWKL,51,1e-06,0.01,sample05.functional,functional,-0.09790049861371072
SIWKL,51,1e-06,0.01,sample06.pathological,pathological,0.22773525605618983
SIWKL,51,1e-06,0.01,sample07.pathological,pathological,0.23095994819585222
SIWKL,51,1e-06,0.01,sample08.pathological,pathological,0.23335344777053485
SIWKL,51,1e-06,0.01,sample09.pathological,pathological,0.24108166129660594
SIWKL,51,1e-06,0.01,sample10.pathological,pathological,0.24033173807103983
SIWKL,51,1e-06,0.001,sample01.functional,functional,-0.09073968238363275
SIWKL,51,1e-06,0.001,sample02.functional,functional,-0.08504920967954781
SIWKL,51,1e-06,0.001,sample03.functional,functional,-0.08230769510718523
SIWKL,51,1e-06,0.001,sample04.functional,functional,-0.08188011150833718
SIWKL,51,1e-06,0.001,sample05.functional,functional,-0.09789518062364724
SIWKL,51,1e-06,0.001,sample06.pathological,pathological,0.22769717389143454
SIWKL,51,1e-06,0.001,sample07.pathological,pathological,0.2309204937457391
SIWKL,51,1e-06,0.001,sample08.pathological,pathological,0.2333123511419968
SIWKL,51,1e-06,0.001,sample09.pathological,pathological,0.24103933995007967
SIWKL,51,1e-06,0.001,sample10.pathological,pathological,0.2402907101700978
SIWKL,51,1e-06,0.0001,sample01.functional,functional,-0.09073925321201495
SIWKL,51,1e-06,0.0001,sample02.functional,functional,-0.08504894197019461
SIWKL,51,1e-06,0.0001,sample03.functional,functional,-0.08230760569765372
SIWKL,51,1e-06,0.0001,sample04.functional,functional,-0.08187995252287766
SIWKL,51,1e-06,0.0001,sample05.functional,functional,-0.09789464720819258
SIWKL,51,1e-06,0.0001,sample06.pathological,pathological,0.22769334618086415
SIWKL,51,1e-06,0.0001,sample07.pathological,pathological,0.23091652789102346
SIWKL,51,1e-06,0.0001,sample08.pathological,pathological,0.23330822017674874
SIWKL,51,1e-06,0.0001,sample09.pathological,pathological,0.24103508593168768
SIWKL,51,1e-06,0.0001,sample10.pathological,pathological,0.24028658605993627
SIWKL,51,1e-06,1e-06,sample01.functional,functional,-0.09073920599211915
SIWKL,51,1e-06,1e-06,sample02.functional,functional,-0.08504891252165153
SIWKL,51,1e-06,1e-06,sample03.functional,functional,-0.08230759587290637
SIWKL,51,1e-06,1e-06,sample04.functional,functional,-0.08187993504058286
SIWKL,51,1e-06,1e-06,sample05.functional,functional,-0.09789458851445353
SIWKL,51,1e-06,1e-06,sample06.pathological,pathological,0.22769292491491747
SIWKL,51,1e-06,1e-06,sample07.pathological,pathological,0.2309160914189872
SIWKL,51,1e-06,1e-06,sample08.pathological,pathological,0.23330776553257998
SIWKL,51,1e-06,1e-06,sample09.pathological,pathological,0.24103461774518214
SIWKL,51,1e-06,1e-06,sample10.pathological,pathological,0.24028613216962902
